run_id,seed,baseline,chunk,loss,macro_f1,strategy,budget,fitness,faci_scalar,runtime_s,mem_peak_mb
5,101112,Proposed Hybrid GA-GWO,0,0.023847474725764442,0.1635107376283847,No Augmentation,2,0.17119769119769118,0.1914255860075576,1.9393630027770996,0.5797481536865234
5,101112,Proposed Hybrid GA-GWO,1,0.038029382817276275,0.1935686274509804,No Augmentation,2,0.2784154929577465,0.2046611251279354,2.845643997192383,0.7345657348632812
5,101112,Proposed Hybrid GA-GWO,2,0.07790818887442659,0.3728824476650564,Back Translation,2,0.4268168760993635,0.20381322636807822,5.16077446937561,0.845062255859375
5,101112,Proposed Hybrid GA-GWO,3,0.07121483274431621,0.5259175717070455,Back Translation,4,0.513374650993915,0.20809128945833555,4.41669774055481,0.861790657043457
5,101112,Proposed Hybrid GA-GWO,4,0.07221435949774921,0.48371143375680586,BERT Contextual,5,0.7003371179318565,0.21860716561827837,1.9348030090332031,0.9792680740356445
5,101112,Proposed Hybrid GA-GWO,5,0.07873753692177639,0.5445641828620552,BERT Contextual,5,0.6578449233539638,0.21503735164065824,20.658520698547363,1.153519630432129
5,101112,Proposed Hybrid GA-GWO,6,0.14501717522624985,0.4702933213419147,Hybrid,2,0.7258281431886541,0.2266783068117623,29.84781265258789,1.1899194717407227
5,101112,Proposed Hybrid GA-GWO,7,0.13684839594211792,0.5081065594062848,Hybrid,3,0.7460469501623129,0.15493697488179164,29.51235318183899,1.2279071807861328
5,101112,Proposed Hybrid GA-GWO,8,0.13209795665208646,0.47521808473753546,Hybrid,5,0.7451638908367482,0.24201772368512886,27.250869274139404,1.237044334411621
5,101112,No Augmentation,0,0.05096803133316953,0.17119769119769118,No Augmentation,0,0.0,0.1914255860075576,0.18983888626098633,0.4466285705566406
5,101112,No Augmentation,1,0.045421895029362815,0.21384057971014495,No Augmentation,0,0.0,0.2046611251279354,0.1829991340637207,0.4940185546875
5,101112,No Augmentation,2,0.12419314948983813,0.3284330120007869,No Augmentation,0,0.0,0.20381322636807822,0.18984556198120117,0.5106191635131836
5,101112,No Augmentation,3,0.15491956525208148,0.33588871907221984,No Augmentation,0,0.0,0.20809128945833555,0.18780517578125,0.5494203567504883
5,101112,No Augmentation,4,0.18109162636987805,0.46361560008618835,No Augmentation,0,0.0,0.21860716561827837,0.1945953369140625,0.5881166458129883
5,101112,No Augmentation,5,0.18760151040279532,0.4457715580321963,No Augmentation,0,0.0,0.21503735164065824,0.19606614112854004,0.5881166458129883
5,101112,No Augmentation,6,0.11093341808947557,0.5108680108680108,No Augmentation,0,0.0,0.2266783068117623,0.19455337524414062,0.6222677230834961
5,101112,No Augmentation,7,0.1441304211141653,0.5234586466165413,No Augmentation,0,0.0,0.15493697488179164,0.21227264404296875,0.6594638824462891
5,101112,No Augmentation,8,0.07551734497929756,0.4580749541195789,No Augmentation,0,0.0,0.24201772368512886,0.19216179847717285,0.6594638824462891
5,101112,No Augmentation,9,0.11234537990497998,0.4902886002886002,No Augmentation,0,0.0,0.20245601624064502,0.19809222221374512,0.6916284561157227
5,101112,No Augmentation,10,0.1654482771264241,0.48828098455217106,No Augmentation,0,0.0,0.22555184072784806,0.20135045051574707,0.6925687789916992
5,101112,No Augmentation,11,0.11414084261066368,0.5775141405426133,No Augmentation,0,0.0,0.19703000701697415,0.19574856758117676,0.7285442352294922
5,101112,No Augmentation,12,0.06419128648162173,0.6396120598777145,No Augmentation,0,0.0,0.2284652963834545,0.1969010829925537,0.7644405364990234
5,101112,No Augmentation,13,0.16536883924342094,0.5275360732784831,No Augmentation,0,0.0,0.22299620627379363,0.19615578651428223,0.7727746963500977
5,101112,No Augmentation,14,0.21215553297931042,0.48336390931250167,No Augmentation,0,0.0,0.21921220110911604,0.19316864013671875,0.8100376129150391
5,101112,No Augmentation,15,0.16266459094472097,0.5847611247611247,No Augmentation,0,0.0,0.21623460189904117,0.20252704620361328,0.8471059799194336
5,101112,No Augmentation,16,0.1296833318641421,0.50984903676221,No Augmentation,0,0.0,0.224660922818046,0.20015192031860352,0.8486766815185547
5,101112,No Augmentation,17,0.1917466321795839,0.49304497523095847,No Augmentation,0,0.0,0.21183274123970622,0.2003316879272461,0.8859844207763672
5,101112,No Augmentation,18,0.13410529189243353,0.5695338807849117,No Augmentation,0,0.0,0.20257674751446458,0.19675993919372559,0.9170703887939453
5,101112,No Augmentation,19,0.1160806841628925,0.5999196379478069,No Augmentation,0,0.0,0.21626979752276107,0.18955421447753906,0.9388036727905273
5,101112,EDA,0,0.05096803133316953,0.17119769119769118,No Augmentation,0,0.0,0.1914255860075576,0.18953227996826172,0.4463796615600586
5,101112,EDA,1,0.13050627214432878,0.24534790528233152,No Augmentation,0,0.0,0.2046611251279354,0.18584251403808594,0.4938936233520508
5,101112,EDA,2,0.14675835798191733,0.3012161484827591,No Augmentation,0,0.0,0.20381322636807822,0.189589262008667,0.4975261688232422
5,101112,EDA,3,0.10087976859259286,0.42783768074682993,No Augmentation,0,0.0,0.20809128945833555,0.18903374671936035,0.5368518829345703
5,101112,EDA,4,0.10370511103318987,0.4317255054097159,No Augmentation,0,0.0,0.21860716561827837,0.19400715827941895,0.5769681930541992
5,101112,EDA,5,0.0841620373744211,0.5492000752870319,No Augmentation,0,0.0,0.21503735164065824,0.19265365600585938,0.5867586135864258
5,101112,EDA,6,0.05069978508812268,0.5450123894610016,No Augmentation,0,0.0,0.2266783068117623,0.19901418685913086,0.6256132125854492
5,101112,EDA,7,0.07735045728858043,0.5607845438982636,No Augmentation,0,0.0,0.15493697488179164,0.19063639640808105,0.6639852523803711
5,101112,EDA,8,0.08491929403844178,0.5131475002646919,No Augmentation,0,0.0,0.24201772368512886,0.1937861442565918,0.6655282974243164
5,101112,EDA,9,0.11774983334281354,0.6157528957528957,No Augmentation,0,0.0,0.20245601624064502,0.19555878639221191,0.7032146453857422
5,101112,EDA,10,0.12942860610774914,0.5484388938447815,No Augmentation,0,0.0,0.22555184072784806,0.19362235069274902,0.7402420043945312
5,101112,EDA,11,0.1344651265651725,0.5437278043593834,No Augmentation,0,0.0,0.19703000701697415,0.19364428520202637,0.7402420043945312
5,101112,EDA,12,0.10542989990834178,0.5493528693528693,No Augmentation,0,0.0,0.2284652963834545,0.1955890655517578,0.7703065872192383
5,101112,EDA,13,0.09788311799281282,0.5468868712662158,No Augmentation,0,0.0,0.22299620627379363,0.19727158546447754,0.8074226379394531
5,101112,EDA,14,0.1980651388637386,0.5973803827751196,No Augmentation,0,0.0,0.21921220110911604,0.19923901557922363,0.8074226379394531
5,101112,EDA,15,0.17707762025680754,0.609131169709263,No Augmentation,0,0.0,0.21623460189904117,0.1990492343902588,0.8397970199584961
5,101112,EDA,16,0.12920158351539723,0.430039531941809,No Augmentation,0,0.0,0.224660922818046,0.19777703285217285,0.8412275314331055
5,101112,EDA,17,0.17844316460491122,0.539036068724423,No Augmentation,0,0.0,0.21183274123970622,0.19369792938232422,0.8774576187133789
5,101112,EDA,18,0.20492695318143173,0.6177164330105507,No Augmentation,0,0.0,0.20257674751446458,0.19418573379516602,0.9081554412841797
5,101112,EDA,19,0.13307652577211654,0.5461701639720216,No Augmentation,0,0.0,0.21626979752276107,0.19791555404663086,0.9303474426269531
5,101112,Synonym Replacement,0,0.05096803133316953,0.17119769119769118,No Augmentation,0,0.0,0.1914255860075576,0.18852639198303223,0.43236255645751953
5,101112,Synonym Replacement,1,0.09924113459619617,0.22963411353241864,No Augmentation,0,0.0,0.2046611251279354,0.18558597564697266,0.4735755920410156
5,101112,Synonym Replacement,2,0.07539623438107891,0.30912225705329155,No Augmentation,0,0.0,0.20381322636807822,0.18732261657714844,0.5129461288452148
5,101112,Synonym Replacement,3,0.2130943104839178,0.4201521118814352,No Augmentation,0,0.0,0.20809128945833555,0.19162249565124512,0.5355997085571289
5,101112,Synonym Replacement,4,0.06834606500862453,0.3999259413483426,No Augmentation,0,0.0,0.21860716561827837,0.19264554977416992,0.5740184783935547
5,101112,Synonym Replacement,5,0.24354069205391776,0.4521902040168294,No Augmentation,0,0.0,0.21503735164065824,0.19711041450500488,0.6116485595703125
5,101112,Synonym Replacement,6,0.08629472184754433,0.5326759131746344,No Augmentation,0,0.0,0.2266783068117623,0.19980168342590332,0.6148796081542969
5,101112,Synonym Replacement,7,0.1585906390126632,0.5297243532560214,No Augmentation,0,0.0,0.15493697488179164,0.18996882438659668,0.6518411636352539
5,101112,Synonym Replacement,8,0.09918804710368553,0.5049813890868773,No Augmentation,0,0.0,0.24201772368512886,0.19270968437194824,0.6885948181152344
5,101112,Synonym Replacement,9,0.11692560878897285,0.5280058246089729,No Augmentation,0,0.0,0.20245601624064502,0.19473648071289062,0.6885948181152344
5,101112,Synonym Replacement,10,0.08346946869496863,0.5990037016123972,No Augmentation,0,0.0,0.22555184072784806,0.19832277297973633,0.7196731567382812
5,101112,Synonym Replacement,11,0.10082476648573954,0.6285629327556178,No Augmentation,0,0.0,0.19703000701697415,0.19564390182495117,0.7557945251464844
5,101112,Synonym Replacement,12,0.09683992407543371,0.5688352926743019,No Augmentation,0,0.0,0.2284652963834545,0.19776034355163574,0.7557945251464844
5,101112,Synonym Replacement,13,0.08214357513350595,0.6249973418394471,No Augmentation,0,0.0,0.22299620627379363,0.1999821662902832,0.7891759872436523
5,101112,Synonym Replacement,14,0.1223510266696943,0.5933769063180827,No Augmentation,0,0.0,0.21921220110911604,0.19875860214233398,0.7901763916015625
5,101112,Synonym Replacement,15,0.14267153724170492,0.6248724489795918,No Augmentation,0,0.0,0.21623460189904117,0.19157791137695312,0.8261356353759766
5,101112,Synonym Replacement,16,0.19814394286650494,0.566747800432011,No Augmentation,0,0.0,0.224660922818046,0.19945383071899414,0.863032341003418
5,101112,Synonym Replacement,17,0.11390592197376326,0.5925845206636337,No Augmentation,0,0.0,0.21183274123970622,0.19822096824645996,0.8722095489501953
5,101112,Synonym Replacement,18,0.13078860457300515,0.5644029850746268,No Augmentation,0,0.0,0.20257674751446458,0.21106266975402832,0.9026699066162109
5,101112,Synonym Replacement,19,0.19039780736398876,0.6088900391074304,No Augmentation,0,0.0,0.21626979752276107,0.1916821002960205,0.9247608184814453
5,101112,Back Translation,0,0.03745257126115836,0.17598086124401915,Back Translation,2,0.0,0.1914255860075576,0.539116621017456,0.4537067413330078
5,101112,Back Translation,1,0.058777394196617976,0.1655980758590318,Back Translation,2,0.0,0.2046611251279354,0.6087136268615723,0.496795654296875
5,101112,Back Translation,2,0.11968541533740767,0.33352402745995424,Back Translation,2,0.0,0.20381322636807822,0.7512993812561035,0.60699462890625
5,101112,Back Translation,3,0.12125077156027794,0.4933178496221974,Back Translation,2,0.0,0.20809128945833555,0.6948134899139404,0.60699462890625
5,101112,Back Translation,4,0.06098087072025818,0.4406818181818181,Back Translation,2,0.0,0.21860716561827837,0.7789545059204102,0.60699462890625
5,101112,Back Translation,5,0.059269592615540344,0.5623400129282482,Back Translation,2,0.0,0.21503735164065824,0.9929473400115967,0.7062568664550781
5,101112,Back Translation,6,0.1204048042951016,0.49093706293706296,Back Translation,2,0.0,0.2266783068117623,0.9287223815917969,0.725459098815918
5,101112,Back Translation,7,0.05312909705554293,0.5547058823529412,Back Translation,2,0.0,0.15493697488179164,0.3848850727081299,0.725459098815918
5,101112,Back Translation,8,0.11552596128684042,0.5307097933513027,Back Translation,2,0.0,0.24201772368512886,1.1582496166229248,0.725459098815918
5,101112,Back Translation,9,0.10684679197038321,0.5075955785277366,Back Translation,2,0.0,0.20245601624064502,0.6787042617797852,0.7277412414550781
5,101112,Back Translation,10,0.12261148855455925,0.5308937042489674,Back Translation,2,0.0,0.22555184072784806,0.8185584545135498,0.7653369903564453
5,101112,Back Translation,11,0.0762448706371431,0.5683844351137584,Back Translation,2,0.0,0.19703000701697415,0.677544116973877,0.7669811248779297
5,101112,Back Translation,12,0.07958099492435075,0.5545438596491229,Back Translation,2,0.0,0.2284652963834545,0.7885863780975342,0.8053808212280273
5,101112,Back Translation,13,0.11621883419260501,0.5330118740845754,Back Translation,2,0.0,0.22299620627379363,0.8466439247131348,0.923985481262207
5,101112,Back Translation,14,0.11904930599049976,0.5126919414738631,Back Translation,2,0.0,0.21921220110911604,0.9009735584259033,0.9335165023803711
5,101112,Back Translation,15,0.14140627197958808,0.5999142072287852,Back Translation,2,0.0,0.21623460189904117,0.8460831642150879,0.9335165023803711
5,101112,Back Translation,16,0.14784669186771568,0.6261471861471861,Back Translation,2,0.0,0.224660922818046,0.8819119930267334,0.9944925308227539
5,101112,Back Translation,17,0.1359585589904742,0.648167158755394,Back Translation,2,0.0,0.21183274123970622,0.866225004196167,0.9944925308227539
5,101112,Back Translation,18,0.12049072868054098,0.6722963846835872,Back Translation,2,0.0,0.20257674751446458,0.7356278896331787,0.9944925308227539
5,101112,Back Translation,19,0.15647852577428292,0.6286247086247087,Back Translation,2,0.0,0.21626979752276107,0.3756401538848877,0.9944925308227539
5,101112,Contextual Augmentation (BERT),0,0.05096803133316953,0.17119769119769118,BERT Contextual,2,0.0,0.1914255860075576,0.22527647018432617,0.4507026672363281
5,101112,Contextual Augmentation (BERT),1,0.07301043386298385,0.2191184807256236,BERT Contextual,2,0.0,0.2046611251279354,0.2285473346710205,0.4934501647949219
5,101112,Contextual Augmentation (BERT),2,0.08826218746828078,0.37347319347319347,BERT Contextual,2,0.0,0.20381322636807822,0.24203944206237793,0.5331001281738281
5,101112,Contextual Augmentation (BERT),3,0.13498192285831692,0.473982683982684,BERT Contextual,2,0.0,0.20809128945833555,0.23938322067260742,0.5331001281738281
5,101112,Contextual Augmentation (BERT),4,0.06301192493615887,0.4182065217391305,BERT Contextual,2,0.0,0.21860716561827837,0.24192595481872559,0.5726327896118164
5,101112,Contextual Augmentation (BERT),5,0.06743275573136756,0.47319983392417997,BERT Contextual,2,0.0,0.21503735164065824,0.26862573623657227,0.6017189025878906
5,101112,Contextual Augmentation (BERT),6,0.09678781060667717,0.5543414407230196,BERT Contextual,2,0.0,0.2266783068117623,0.25600099563598633,0.6148347854614258
5,101112,Contextual Augmentation (BERT),7,0.1661294943165545,0.5349331789453371,BERT Contextual,2,0.0,0.15493697488179164,0.22829866409301758,0.6528177261352539
5,101112,Contextual Augmentation (BERT),8,0.11520624632079556,0.4879022240032057,BERT Contextual,2,0.0,0.24201772368512886,0.27527761459350586,0.6986618041992188
5,101112,Contextual Augmentation (BERT),9,0.099657511732431,0.555912298970265,BERT Contextual,2,0.0,0.20245601624064502,0.23403167724609375,0.717646598815918
5,101112,Contextual Augmentation (BERT),10,0.13153250287624052,0.5020585150820314,BERT Contextual,2,0.0,0.22555184072784806,0.2510499954223633,0.7546024322509766
5,101112,Contextual Augmentation (BERT),11,0.11071964051059376,0.484652496138846,BERT Contextual,2,0.0,0.19703000701697415,0.2511622905731201,0.7556858062744141
5,101112,Contextual Augmentation (BERT),12,0.12756470404206252,0.48804928442833456,BERT Contextual,2,0.0,0.2284652963834545,0.2438807487487793,0.791900634765625
5,101112,Contextual Augmentation (BERT),13,0.10589456423941816,0.5384124411765931,BERT Contextual,2,0.0,0.22299620627379363,0.2582056522369385,0.8288707733154297
5,101112,Contextual Augmentation (BERT),14,0.12028513720058737,0.5165187160278851,BERT Contextual,2,0.0,0.21921220110911604,0.2527804374694824,0.8288707733154297
5,101112,Contextual Augmentation (BERT),15,0.2518153227614315,0.5606922887410691,BERT Contextual,2,0.0,0.21623460189904117,0.2517573833465576,0.8595523834228516
5,101112,Contextual Augmentation (BERT),16,0.14388682879183848,0.5568831168831168,BERT Contextual,2,0.0,0.224660922818046,0.2593669891357422,0.8961725234985352
5,101112,Contextual Augmentation (BERT),17,0.17089214982429518,0.6224234800838575,BERT Contextual,2,0.0,0.21183274123970622,0.267474889755249,0.8961725234985352
5,101112,Contextual Augmentation (BERT),18,0.11766280567072779,0.6536199095022625,BERT Contextual,2,0.0,0.20257674751446458,0.24706697463989258,0.9208202362060547
5,101112,Contextual Augmentation (BERT),19,0.25200139704718805,0.6044432648640534,BERT Contextual,2,0.0,0.21626979752276107,0.20665621757507324,0.942286491394043
5,101112,DistilBERT Only,0,0.05096803133316953,0.17119769119769118,No Augmentation,0,0.0,0.1914255860075576,0.18850398063659668,0.4337129592895508
5,101112,DistilBERT Only,1,0.09555681991195272,0.23464850651218208,No Augmentation,0,0.0,0.2046611251279354,0.19846272468566895,0.4725923538208008
5,101112,DistilBERT Only,2,0.056035764295009075,0.3239614750749428,No Augmentation,0,0.0,0.20381322636807822,0.18853163719177246,0.5138387680053711
5,101112,DistilBERT Only,3,0.07703897270881815,0.43392580439340084,No Augmentation,0,0.0,0.20809128945833555,0.19040513038635254,0.5460996627807617
5,101112,DistilBERT Only,4,0.19080413827337575,0.45287779758367985,No Augmentation,0,0.0,0.21860716561827837,0.1927199363708496,0.5838413238525391
5,101112,DistilBERT Only,5,0.08101939791795347,0.5057476161493203,No Augmentation,0,0.0,0.21503735164065824,0.19403672218322754,0.6236152648925781
5,101112,DistilBERT Only,6,0.11601292895231557,0.4285455425078066,No Augmentation,0,0.0,0.2266783068117623,0.19731593132019043,0.6263027191162109
5,101112,DistilBERT Only,7,0.06731310961116574,0.5646077457795432,No Augmentation,0,0.0,0.15493697488179164,0.19098424911499023,0.6636438369750977
5,101112,DistilBERT Only,8,0.1171847570302219,0.4966317260656883,No Augmentation,0,0.0,0.24201772368512886,0.1957099437713623,0.7011537551879883
5,101112,DistilBERT Only,9,0.07060693350030153,0.5422954822954822,No Augmentation,0,0.0,0.20245601624064502,0.1974489688873291,0.7011537551879883
5,101112,DistilBERT Only,10,0.08819048458640276,0.5704623379406407,No Augmentation,0,0.0,0.22555184072784806,0.19504308700561523,0.7315006256103516
5,101112,DistilBERT Only,11,0.17675573567457303,0.5031199338296113,No Augmentation,0,0.0,0.19703000701697415,0.19208836555480957,0.7684116363525391
5,101112,DistilBERT Only,12,0.07603625248045709,0.5640963917472678,No Augmentation,0,0.0,0.2284652963834545,0.19044852256774902,0.7684116363525391
5,101112,DistilBERT Only,13,0.12164581414642407,0.5576980706136717,No Augmentation,0,0.0,0.22299620627379363,0.20139646530151367,0.7987880706787109
5,101112,DistilBERT Only,14,0.19670531023358484,0.5788819277612909,No Augmentation,0,0.0,0.21921220110911604,0.2008209228515625,0.8001165390014648
5,101112,DistilBERT Only,15,0.15725397707074346,0.5790233605403884,No Augmentation,0,0.0,0.21623460189904117,0.19484591484069824,0.8360567092895508
5,101112,DistilBERT Only,16,0.15464796017275328,0.6175324675324675,No Augmentation,0,0.0,0.224660922818046,0.1961367130279541,0.8727626800537109
5,101112,DistilBERT Only,17,0.12411671489055803,0.5851135676181048,No Augmentation,0,0.0,0.21183274123970622,0.19869709014892578,0.8809032440185547
5,101112,DistilBERT Only,18,0.2340289585492809,0.5560517440517441,No Augmentation,0,0.0,0.20257674751446458,0.19910812377929688,0.9118127822875977
5,101112,DistilBERT Only,19,0.16603647337385236,0.5817475784805695,No Augmentation,0,0.0,0.21626979752276107,0.18744373321533203,0.9336872100830078
5,101112,RoBERTa Only,0,0.05096803133316953,0.17119769119769118,No Augmentation,0,0.0,0.1914255860075576,0.1896653175354004,0.468597412109375
5,101112,RoBERTa Only,1,0.05856112582369671,0.3008923635789308,No Augmentation,0,0.0,0.2046611251279354,0.18506193161010742,0.509674072265625
5,101112,RoBERTa Only,2,0.11357719581954637,0.36800542740841247,No Augmentation,0,0.0,0.20381322636807822,0.1901998519897461,0.5147905349731445
5,101112,RoBERTa Only,3,0.13727129675736555,0.4387393032499416,No Augmentation,0,0.0,0.20809128945833555,0.19185209274291992,0.5535688400268555
5,101112,RoBERTa Only,4,0.15226289148142294,0.4849314969158883,No Augmentation,0,0.0,0.21860716561827837,0.20183420181274414,0.5925941467285156
5,101112,RoBERTa Only,5,0.08414488967354541,0.501484593837535,No Augmentation,0,0.0,0.21503735164065824,0.1919841766357422,0.6039257049560547
5,101112,RoBERTa Only,6,0.07927071147448572,0.6114295290765879,No Augmentation,0,0.0,0.2266783068117623,0.1971454620361328,0.6411190032958984
5,101112,RoBERTa Only,7,0.07126448791342332,0.5718452473472068,No Augmentation,0,0.0,0.15493697488179164,0.19504284858703613,0.6786384582519531
5,101112,RoBERTa Only,8,0.10995403782779878,0.527738843965259,No Augmentation,0,0.0,0.24201772368512886,0.19680356979370117,0.6803131103515625
5,101112,RoBERTa Only,9,0.19264526280287164,0.533372769397614,No Augmentation,0,0.0,0.20245601624064502,0.20335865020751953,0.7172489166259766
5,101112,RoBERTa Only,10,0.10994132230762894,0.536059052059052,No Augmentation,0,0.0,0.22555184072784806,0.1988680362701416,0.7535037994384766
5,101112,RoBERTa Only,11,0.1091003557413974,0.4819894563996197,No Augmentation,0,0.0,0.19703000701697415,0.1947791576385498,0.7535037994384766
5,101112,RoBERTa Only,12,0.10711764297942986,0.5760583977426084,No Augmentation,0,0.0,0.2284652963834545,0.19625425338745117,0.7836856842041016
5,101112,RoBERTa Only,13,0.16634907970487217,0.6058443366714042,No Augmentation,0,0.0,0.22299620627379363,0.195906400680542,0.8205089569091797
5,101112,RoBERTa Only,14,0.15544292656031236,0.5746460050961102,No Augmentation,0,0.0,0.21921220110911604,0.1982572078704834,0.8205089569091797
5,101112,RoBERTa Only,15,0.13404606232632238,0.577557693423157,No Augmentation,0,0.0,0.21623460189904117,0.1966562271118164,0.8522434234619141
5,101112,RoBERTa Only,16,0.0923184511975415,0.5549601891618009,No Augmentation,0,0.0,0.224660922818046,0.1979045867919922,0.8533420562744141
5,101112,RoBERTa Only,17,0.1744790887209812,0.6157821767728888,No Augmentation,0,0.0,0.21183274123970622,0.19905757904052734,0.8895320892333984
5,101112,RoBERTa Only,18,0.10584959135317443,0.5343376943746971,No Augmentation,0,0.0,0.20257674751446458,0.19729256629943848,0.9240045547485352
5,101112,RoBERTa Only,19,0.12348472456110235,0.5843342058458336,No Augmentation,0,0.0,0.21626979752276107,0.1874232292175293,0.946009635925293
