Timestamp,Chunk_ID,Strategy,Budget,Fitness,Macro_F1,Alpha,FACI_Vector
2026-07-21T12:11:22.059104,0,No Augmentation,0,0.1613257281133869,0.1613257281133869,"[np.float64(0.0), np.float64(0.0), np.float64(2.0), np.float64(0.15), np.float64(0.8), np.float64(1.0), np.float64(0.0), np.float64(2e-05)]","[0.3636666666666667, 0.0, 0.010070332480818414, 0.05, 0.016666666666666666, 0.8427375607525514, 0.33051630869099996, 0.08872982524413026]"
2026-07-21T12:11:22.211068,0,No Augmentation,0,0.17119769119769118,0.17119769119769118,"[np.float64(0.0), np.float64(0.0), np.float64(2.0), np.float64(0.15), np.float64(0.8), np.float64(1.0), np.float64(0.0), np.float64(2e-05)]","[0.3636666666666667, 0.0, 0.010070332480818414, 0.05, 0.016666666666666666, 0.8427375607525514, 0.33051630869099996, 0.08872982524413026]"
2026-07-21T12:11:22.713222,0,Back Translation,2,0.1577008002803902,0.1577008002803902,"[np.float64(1.0), np.float64(0.0), np.float64(2.0), np.float64(0.15), np.float64(0.8), np.float64(1.0), np.float64(0.0), np.float64(2e-05)]","[0.3636666666666667, 0.0, 0.010070332480818414, 0.05, 0.016666666666666666, 0.8427375607525514, 0.33051630869099996, 0.08872982524413026]"
2026-07-21T12:11:22.900225,0,BERT Contextual,2,0.15676141257536608,0.15676141257536608,"[np.float64(0.0), np.float64(1.0), np.float64(2.0), np.float64(0.15), np.float64(0.8), np.float64(1.0), np.float64(0.0), np.float64(2e-05)]","[0.3636666666666667, 0.0, 0.010070332480818414, 0.05, 0.016666666666666666, 0.8427375607525514, 0.33051630869099996, 0.08872982524413026]"
2026-07-21T12:11:23.050067,0,No Augmentation,0,0.15746403527795852,0.15746403527795852,"[np.float64(0.0), np.float64(0.0), np.float64(0.0), np.float64(0.15), np.float64(0.8), np.float64(1.0), np.float64(0.0), np.float64(2e-05)]","[0.3636666666666667, 0.0, 0.010070332480818414, 0.05, 0.016666666666666666, 0.8427375607525514, 0.33051630869099996, 0.08872982524413026]"
2026-07-21T12:11:23.278046,0,BERT Contextual,4,0.15746403527795852,0.15746403527795852,"[np.float64(0.17768704118853573), np.float64(0.8481357116102777), np.float64(4.0), np.float64(0.6825206146870167), np.float64(0.19330299964862574), np.float64(0.3945287701017979), np.float64(0.5301062667556037), np.float64(0.6579074054802303)]","[0.3636666666666667, 0.0, 0.010070332480818414, 0.05, 0.016666666666666666, 0.8427375607525514, 0.33051630869099996, 0.08872982524413026]"
2026-07-21T12:11:23.428195,0,No Augmentation,0,0.15746403527795852,0.15746403527795852,"[np.float64(0.0), np.float64(0.0), np.float64(0.0), np.float64(0.15), np.float64(0.8), np.float64(1.0), np.float64(0.0), np.float64(2e-05)]","[0.3636666666666667, 0.0, 0.010070332480818414, 0.05, 0.016666666666666666, 0.8427375607525514, 0.33051630869099996, 0.08872982524413026]"
2026-07-21T12:11:23.655506,0,BERT Contextual,4,0.15823620823620824,0.15823620823620824,"[np.float64(0.4373308266335556), np.float64(0.6598468179145638), np.float64(4.0), np.float64(0.540449868059759), np.float64(0.4957319386288467), np.float64(0.7664276556522491), np.float64(0.8350011572964838), np.float64(0.010478441597823407)]","[0.3636666666666667, 0.0, 0.010070332480818414, 0.05, 0.016666666666666666, 0.8427375607525514, 0.33051630869099996, 0.08872982524413026]"
2026-07-21T12:11:23.830963,0,No Augmentation,2,0.1635107376283847,0.1635107376283847,"[np.float64(0.0), np.float64(0.0), np.float64(2.0), np.float64(0.15), np.float64(0.8), np.float64(1.0), np.float64(0.0), np.float64(2e-05)]","[0.3636666666666667, 0.0, 0.010070332480818414, 0.05, 0.016666666666666666, 0.8427375607525514, 0.33051630869099996, 0.08872982524413026]"
2026-07-21T12:11:23.994565,1,No Augmentation,0,0.2784154929577465,0.2784154929577465,"[np.float64(0.0), np.float64(0.0), np.float64(2.0), np.float64(0.15), np.float64(0.8), np.float64(1.0), np.float64(0.0), np.float64(2e-05)]","[0.4138333333333334, 0.0, 0.016230559071711233, 0.075, 0.03333333333333333, 0.856460087384235, 0.3314067653855654, 0.06781522656865366]"
2026-07-21T12:11:24.147799,1,No Augmentation,0,0.2029788122325436,0.2029788122325436,"[np.float64(0.0), np.float64(0.0), np.float64(2.0), np.float64(0.15), np.float64(0.8), np.float64(1.0), np.float64(0.0), np.float64(2e-05)]","[0.4138333333333334, 0.0, 0.016230559071711233, 0.075, 0.03333333333333333, 0.856460087384235, 0.3314067653855654, 0.06781522656865366]"
2026-07-21T12:11:24.719482,1,Back Translation,2,0.206993006993007,0.206993006993007,"[np.float64(1.0), np.float64(0.0), np.float64(2.0), np.float64(0.15), np.float64(0.8), np.float64(1.0), np.float64(0.0), np.float64(2e-05)]","[0.4138333333333334, 0.0, 0.016230559071711233, 0.075, 0.03333333333333333, 0.856460087384235, 0.3314067653855654, 0.06781522656865366]"
2026-07-21T12:11:24.913749,1,BERT Contextual,2,0.26012310986217047,0.26012310986217047,"[np.float64(0.0), np.float64(1.0), np.float64(2.0), np.float64(0.15), np.float64(0.8), np.float64(1.0), np.float64(0.0), np.float64(2e-05)]","[0.4138333333333334, 0.0, 0.016230559071711233, 0.075, 0.03333333333333333, 0.856460087384235, 0.3314067653855654, 0.06781522656865366]"
2026-07-21T12:11:25.066232,1,No Augmentation,0,0.2510692573072471,0.2510692573072471,"[np.float64(0.0), np.float64(0.0), np.float64(0.0), np.float64(0.15), np.float64(0.8), np.float64(1.0), np.float64(0.0), np.float64(2e-05)]","[0.4138333333333334, 0.0, 0.016230559071711233, 0.075, 0.03333333333333333, 0.856460087384235, 0.3314067653855654, 0.06781522656865366]"
2026-07-21T12:11:25.238708,1,BERT Contextual,1,0.24516908212560384,0.24516908212560384,"[np.float64(0.13771345384957823), np.float64(0.8851846397393661), np.float64(1.0), np.float64(0.7601961473012099), np.float64(0.41086590366044495), np.float64(0.8423083288465705), np.float64(0.42488263673353843), np.float64(0.7483421967716506)]","[0.4138333333333334, 0.0, 0.016230559071711233, 0.075, 0.03333333333333333, 0.856460087384235, 0.3314067653855654, 0.06781522656865366]"
2026-07-21T12:11:25.389838,1,No Augmentation,0,0.24471841704718417,0.24471841704718417,"[np.float64(0.0), np.float64(0.0), np.float64(0.0), np.float64(0.15), np.float64(0.8), np.float64(1.0), np.float64(0.0), np.float64(2e-05)]","[0.4138333333333334, 0.0, 0.016230559071711233, 0.075, 0.03333333333333333, 0.856460087384235, 0.3314067653855654, 0.06781522656865366]"
2026-07-21T12:11:26.100494,1,Hybrid,5,0.24442391630678273,0.24442391630678273,"[np.float64(0.5826711531748473), np.float64(0.7234627738722014), np.float64(5.0), np.float64(0.35051554364776516), np.float64(0.5204895078571429), np.float64(0.03814837939873339), np.float64(0.021131046758424032), np.float64(0.1458082963739451)]","[0.4138333333333334, 0.0, 0.016230559071711233, 0.075, 0.03333333333333333, 0.856460087384235, 0.3314067653855654, 0.06781522656865366]"
2026-07-21T12:11:26.278469,1,No Augmentation,2,0.1935686274509804,0.1935686274509804,"[np.float64(0.0), np.float64(0.0), np.float64(2.0), np.float64(0.15), np.float64(0.8), np.float64(1.0), np.float64(0.0), np.float64(2e-05)]","[0.4138333333333334, 0.0, 0.016230559071711233, 0.075, 0.03333333333333333, 0.856460087384235, 0.3314067653855654, 0.06781522656865366]"
2026-07-21T12:11:26.848764,2,No Augmentation,0,0.2912256541412551,0.2912256541412551,"[np.float64(0.0), np.float64(0.0), np.float64(2.0), np.float64(0.15), np.float64(0.8), np.float64(1.0), np.float64(0.0), np.float64(2e-05)]","[0.4728333333333333, 0.0, 0.010172310981184488, 0.025, 0.03333333333333333, 0.8537020469269974, 0.35478537559830026, 0.034303041350374056]"
2026-07-21T12:11:27.002728,2,No Augmentation,0,0.3993521421107628,0.3993521421107628,"[np.float64(0.0), np.float64(0.0), np.float64(2.0), np.float64(0.15), np.float64(0.8), np.float64(1.0), np.float64(0.0), np.float64(2e-05)]","[0.4728333333333333, 0.0, 0.010172310981184488, 0.025, 0.03333333333333333, 0.8537020469269974, 0.35478537559830026, 0.034303041350374056]"
2026-07-21T12:11:27.731893,2,Back Translation,2,0.4268168760993635,0.4268168760993635,"[np.float64(1.0), np.float64(0.0), np.float64(2.0), np.float64(0.15), np.float64(0.8), np.float64(1.0), np.float64(0.0), np.float64(2e-05)]","[0.4728333333333333, 0.0, 0.010172310981184488, 0.025, 0.03333333333333333, 0.8537020469269974, 0.35478537559830026, 0.034303041350374056]"
2026-07-21T12:11:27.938177,2,BERT Contextual,2,0.41003898635477576,0.41003898635477576,"[np.float64(0.0), np.float64(1.0), np.float64(2.0), np.float64(0.15), np.float64(0.8), np.float64(1.0), np.float64(0.0), np.float64(2e-05)]","[0.4728333333333333, 0.0, 0.010172310981184488, 0.025, 0.03333333333333333, 0.8537020469269974, 0.35478537559830026, 0.034303041350374056]"
2026-07-21T12:11:28.093325,2,No Augmentation,0,0.40917334069778144,0.40917334069778144,"[np.float64(0.0), np.float64(0.0), np.float64(0.0), np.float64(0.15), np.float64(0.8), np.float64(1.0), np.float64(0.0), np.float64(2e-05)]","[0.4728333333333333, 0.0, 0.010172310981184488, 0.025, 0.03333333333333333, 0.8537020469269974, 0.35478537559830026, 0.034303041350374056]"
2026-07-21T12:11:28.923011,2,Hybrid,5,0.40921405638386765,0.40921405638386765,"[np.float64(0.9916805465490162), np.float64(0.8951728712135947), np.float64(5.0), np.float64(0.11251182297990614), np.float64(0.16641190599880307), np.float64(0.20617855234026128), np.float64(0.2376576097165095), np.float64(0.6029932221638488)]","[0.4728333333333333, 0.0, 0.010172310981184488, 0.025, 0.03333333333333333, 0.8537020469269974, 0.35478537559830026, 0.034303041350374056]"
2026-07-21T12:11:29.078564,2,No Augmentation,0,0.4214074833565615,0.4214074833565615,"[np.float64(0.0), np.float64(0.0), np.float64(0.0), np.float64(0.15), np.float64(0.8), np.float64(1.0), np.float64(0.0), np.float64(2e-05)]","[0.4728333333333333, 0.0, 0.010172310981184488, 0.025, 0.03333333333333333, 0.8537020469269974, 0.35478537559830026, 0.034303041350374056]"
2026-07-21T12:11:30.692233,2,Back Translation,5,0.4153800447918095,0.4153800447918095,"[np.float64(0.6927770558908817), np.float64(0.27373759189284685), np.float64(5.0), np.float64(0.9067253699686348), np.float64(0.23519903266452957), np.float64(0.50180458450983), np.float64(0.41501278101523453), np.float64(0.3878521029007651)]","[0.4728333333333333, 0.0, 0.010172310981184488, 0.025, 0.03333333333333333, 0.8537020469269974, 0.35478537559830026, 0.034303041350374056]"
2026-07-21T12:11:31.439493,2,Back Translation,2,0.3728824476650564,0.3728824476650564,"[np.float64(1.0), np.float64(0.0), np.float64(2.0), np.float64(0.15), np.float64(0.8), np.float64(1.0), np.float64(0.0), np.float64(2e-05)]","[0.4728333333333333, 0.0, 0.010172310981184488, 0.025, 0.03333333333333333, 0.8537020469269974, 0.35478537559830026, 0.034303041350374056]"
2026-07-21T12:11:32.010011,3,No Augmentation,0,0.510459400013992,0.510459400013992,"[np.float64(0.0), np.float64(0.0), np.float64(2.0), np.float64(0.15), np.float64(0.8), np.float64(1.0), np.float64(0.0), np.float64(2e-05)]","[0.43233333333333335, 0.0, 0.022251538045888163, 0.075, 0.05, 0.85172510013431, 0.317390485002239, 0.06742000237797459]"
2026-07-21T12:11:32.162094,3,No Augmentation,0,0.491368414264772,0.491368414264772,"[np.float64(0.0), np.float64(0.0), np.float64(2.0), np.float64(0.15), np.float64(0.8), np.float64(1.0), np.float64(0.0), np.float64(2e-05)]","[0.43233333333333335, 0.0, 0.022251538045888163, 0.075, 0.05, 0.85172510013431, 0.317390485002239, 0.06742000237797459]"
2026-07-21T12:11:32.808632,3,Back Translation,2,0.5047497006283719,0.5047497006283719,"[np.float64(1.0), np.float64(0.0), np.float64(2.0), np.float64(0.15), np.float64(0.8), np.float64(1.0), np.float64(0.0), np.float64(2e-05)]","[0.43233333333333335, 0.0, 0.022251538045888163, 0.075, 0.05, 0.85172510013431, 0.317390485002239, 0.06742000237797459]"
2026-07-21T12:11:33.015481,3,BERT Contextual,2,0.5047497006283719,0.5047497006283719,"[np.float64(0.0), np.float64(1.0), np.float64(2.0), np.float64(0.15), np.float64(0.8), np.float64(1.0), np.float64(0.0), np.float64(2e-05)]","[0.43233333333333335, 0.0, 0.022251538045888163, 0.075, 0.05, 0.85172510013431, 0.317390485002239, 0.06742000237797459]"
2026-07-21T12:11:33.169448,3,No Augmentation,0,0.5047497006283719,0.5047497006283719,"[np.float64(0.0), np.float64(0.0), np.float64(0.0), np.float64(0.15), np.float64(0.8), np.float64(1.0), np.float64(0.0), np.float64(2e-05)]","[0.43233333333333335, 0.0, 0.022251538045888163, 0.075, 0.05, 0.85172510013431, 0.317390485002239, 0.06742000237797459]"
2026-07-21T12:11:34.324731,3,Back Translation,4,0.513374650993915,0.513374650993915,"[np.float64(0.6949616802769653), np.float64(0.08620202444871317), np.float64(4.0), np.float64(0.6659895470024674), np.float64(0.6456445299059926), np.float64(0.7397699831580047), np.float64(0.307621722521606), np.float64(0.022250620949313737)]","[0.43233333333333335, 0.0, 0.022251538045888163, 0.075, 0.05, 0.85172510013431, 0.317390485002239, 0.06742000237797459]"
2026-07-21T12:11:34.478283,3,No Augmentation,0,0.5111030019948426,0.5111030019948426,"[np.float64(0.0), np.float64(0.0), np.float64(0.0), np.float64(0.15), np.float64(0.8), np.float64(1.0), np.float64(0.0), np.float64(2e-05)]","[0.43233333333333335, 0.0, 0.022251538045888163, 0.075, 0.05, 0.85172510013431, 0.317390485002239, 0.06742000237797459]"
2026-07-21T12:11:34.702565,3,BERT Contextual,3,0.4861850224079326,0.4861850224079326,"[np.float64(0.17878683454551003), np.float64(0.31762881646854535), np.float64(3.0), np.float64(0.6216657726019283), np.float64(0.7528561386480959), np.float64(0.9066197656131055), np.float64(0.8773676880603671), np.float64(0.040578844269247516)]","[0.43233333333333335, 0.0, 0.022251538045888163, 0.075, 0.05, 0.85172510013431, 0.317390485002239, 0.06742000237797459]"
2026-07-21T12:11:35.868967,3,Back Translation,4,0.5259175717070455,0.5259175717070455,"[np.float64(0.6949616802769653), np.float64(0.08620202444871317), np.float64(4.0), np.float64(0.6659895470024674), np.float64(0.6456445299059926), np.float64(0.7397699831580047), np.float64(0.307621722521606), np.float64(0.022250620949313737)]","[0.43233333333333335, 0.0, 0.022251538045888163, 0.075, 0.05, 0.85172510013431, 0.317390485002239, 0.06742000237797459]"
2026-07-21T12:11:36.687684,4,BERT Contextual,5,0.678122035623396,0.678122035623396,"[np.float64(0.1772086678077065), np.float64(0.8884473219179), np.float64(5.446357235235567), np.float64(0.17054603325100892), np.float64(0.8634858191946253), np.float64(1.4078569175553595), np.float64(0.5603572850631504), np.float64(8.311025050324545e-05)]","[np.float64(0.5226666666666666), np.float64(0.0), np.float64(0.014129674471060508), np.float64(0.05), np.float64(0.08333333333333333), np.float64(0.8348093728333564), np.float64(0.313562798153046), np.float64(0.07417164015645687)]"
2026-07-21T12:11:36.688199,4,BERT Contextual,4,0.6759761355840006,0.6759761355840006,"[np.float64(0.25017061469509383), np.float64(0.8884473219179), np.float64(4.444993691095862), np.float64(0.17054603325100892), np.float64(0.8628454122265553), np.float64(1.4078569175553595), np.float64(0.522784801775103), np.float64(8.99081680471328e-05)]","[np.float64(0.5226666666666666), np.float64(0.0), np.float64(0.014129674471060508), np.float64(0.05), np.float64(0.08333333333333333), np.float64(0.8348093728333564), np.float64(0.313562798153046), np.float64(0.07417164015645687)]"
2026-07-21T12:11:36.688716,4,BERT Contextual,4,0.6759761355840006,0.6759761355840006,"[np.float64(0.25017061469509383), np.float64(0.8884473219179), np.float64(4.444993691095862), np.float64(0.17054603325100892), np.float64(0.8628454122265553), np.float64(1.4078569175553595), np.float64(0.5603572850631504), np.float64(8.311025050324545e-05)]","[np.float64(0.5226666666666666), np.float64(0.0), np.float64(0.014129674471060508), np.float64(0.05), np.float64(0.08333333333333333), np.float64(0.8348093728333564), np.float64(0.313562798153046), np.float64(0.07417164015645687)]"
2026-07-21T12:11:36.688716,4,BERT Contextual,4,0.6629018202298884,0.6629018202298884,"[np.float64(0.1772086678077065), np.float64(0.8884473219179), np.float64(4.444993691095862), np.float64(0.17054603325100892), np.float64(0.8628454122265553), np.float64(1.4228243370175642), np.float64(0.4588861935260836), np.float64(9.3600303730048e-05)]","[np.float64(0.5226666666666666), np.float64(0.0), np.float64(0.014129674471060508), np.float64(0.05), np.float64(0.08333333333333333), np.float64(0.8348093728333564), np.float64(0.313562798153046), np.float64(0.07417164015645687)]"
2026-07-21T12:11:36.689232,4,BERT Contextual,4,0.6629018202298884,0.6629018202298884,"[np.float64(0.1772086678077065), np.float64(0.8884473219179), np.float64(4.444993691095862), np.float64(0.17054603325100892), np.float64(0.8628454122265553), np.float64(1.4228243370175642), np.float64(0.4588861935260836), np.float64(9.3600303730048e-05)]","[np.float64(0.5226666666666666), np.float64(0.0), np.float64(0.014129674471060508), np.float64(0.05), np.float64(0.08333333333333333), np.float64(0.8348093728333564), np.float64(0.313562798153046), np.float64(0.07417164015645687)]"
2026-07-21T12:11:36.689745,4,BERT Contextual,4,0.6629018202298884,0.6629018202298884,"[np.float64(0.1772086678077065), np.float64(0.8884473219179), np.float64(4.444993691095862), np.float64(0.17054603325100892), np.float64(0.8628454122265553), np.float64(1.4228243370175642), np.float64(0.48092336962089854), np.float64(9.3600303730048e-05)]","[np.float64(0.5226666666666666), np.float64(0.0), np.float64(0.014129674471060508), np.float64(0.05), np.float64(0.08333333333333333), np.float64(0.8348093728333564), np.float64(0.313562798153046), np.float64(0.07417164015645687)]"
2026-07-21T12:11:36.689745,4,BERT Contextual,6,0.6604448535365303,0.6604448535365303,"[np.float64(0.25017061469509383), np.float64(0.7902517175121563), np.float64(6.06554921188382), np.float64(0.1368090133336019), np.float64(0.8628454122265553), np.float64(1.2601538079089265), np.float64(0.41254727902909805), np.float64(6.225577584674836e-05)]","[np.float64(0.5226666666666666), np.float64(0.0), np.float64(0.014129674471060508), np.float64(0.05), np.float64(0.08333333333333333), np.float64(0.8348093728333564), np.float64(0.313562798153046), np.float64(0.07417164015645687)]"
2026-07-21T12:11:36.690260,4,BERT Contextual,4,0.6592460609185671,0.6592460609185671,"[np.float64(0.25017061469509383), np.float64(0.8884473219179), np.float64(3.7345440114029), np.float64(0.17054603325100892), np.float64(0.8628454122265553), np.float64(1.4078569175553595), np.float64(0.6000977287497727), np.float64(8.311025050324545e-05)]","[np.float64(0.5226666666666666), np.float64(0.0), np.float64(0.014129674471060508), np.float64(0.05), np.float64(0.08333333333333333), np.float64(0.8348093728333564), np.float64(0.313562798153046), np.float64(0.07417164015645687)]"
2026-07-21T12:11:36.690260,4,BERT Contextual,4,0.6535047033417344,0.6535047033417344,"[np.float64(0.1772086678077065), np.float64(0.8884473219179), np.float64(4.444993691095862), np.float64(0.2039027720079548), np.float64(0.8760925291299996), np.float64(1.3402265669085929), np.float64(0.5603572850631504), np.float64(8.311025050324545e-05)]","[np.float64(0.5226666666666666), np.float64(0.0), np.float64(0.014129674471060508), np.float64(0.05), np.float64(0.08333333333333333), np.float64(0.8348093728333564), np.float64(0.313562798153046), np.float64(0.07417164015645687)]"
2026-07-21T12:11:36.690772,4,BERT Contextual,4,0.638884741933763,0.638884741933763,"[np.float64(0.1772086678077065), np.float64(0.6127269571643732), np.float64(4.444993691095862), np.float64(0.17573420233074039), np.float64(0.8231580920713437), np.float64(1.4078569175553595), np.float64(0.6839606473623332), np.float64(8.311025050324545e-05)]","[np.float64(0.5226666666666666), np.float64(0.0), np.float64(0.014129674471060508), np.float64(0.05), np.float64(0.08333333333333333), np.float64(0.8348093728333564), np.float64(0.313562798153046), np.float64(0.07417164015645687)]"
2026-07-21T12:11:37.035340,4,BERT Contextual,5,0.48371143375680586,0.48371143375680586,"[np.float64(0.23195391467475854), np.float64(0.9628824443355493), np.float64(5.489503661022506), np.float64(0.12086663533611881), np.float64(0.98), np.float64(1.5), np.float64(0.39355787239853485), np.float64(8.21093686495239e-05)]","[0.5226666666666666, 0.0, 0.014129674471060508, 0.05, 0.08333333333333333, 0.8348093728333564, 0.313562798153046, 0.07417164015645687]"
2026-07-21T12:11:46.819887,5,Back Translation,1,0.6472439702029319,0.6472439702029319,"[np.float64(0.18911758334326167), np.float64(0.09401230574450226), np.float64(0.6602216451008365), np.float64(0.10281995872339647), np.float64(0.889666649145495), np.float64(1.4205763691160325), np.float64(0.896599751556732), np.float64(9.91595148854681e-05)]","[np.float64(0.596), np.float64(0.0), np.float64(0.003132138404273714), np.float64(0.0), np.float64(0.03333333333333333), np.float64(0.8180512470884033), np.float64(0.3399396097730977), np.float64(0.06035111860533737)]"
2026-07-21T12:11:46.820399,5,Back Translation,1,0.6472439702029319,0.6472439702029319,"[np.float64(0.18911758334326167), np.float64(0.09401230574450226), np.float64(0.6602216451008365), np.float64(0.10281995872339647), np.float64(0.889666649145495), np.float64(1.4205763691160325), np.float64(0.896599751556732), np.float64(9.91595148854681e-05)]","[np.float64(0.596), np.float64(0.0), np.float64(0.003132138404273714), np.float64(0.0), np.float64(0.03333333333333333), np.float64(0.8180512470884033), np.float64(0.3399396097730977), np.float64(0.06035111860533737)]"
2026-07-21T12:11:46.820917,5,Back Translation,1,0.6470889559794262,0.6470889559794262,"[np.float64(0.18911758334326167), np.float64(0.09401230574450226), np.float64(0.8243455764664891), np.float64(0.07455474342370365), np.float64(0.8712166085656282), np.float64(1.4205763691160325), np.float64(0.896599751556732), np.float64(9.91595148854681e-05)]","[np.float64(0.596), np.float64(0.0), np.float64(0.003132138404273714), np.float64(0.0), np.float64(0.03333333333333333), np.float64(0.8180512470884033), np.float64(0.3399396097730977), np.float64(0.06035111860533737)]"
2026-07-21T12:11:46.820917,5,Back Translation,1,0.5984158654053057,0.5984158654053057,"[np.float64(0.20079169708268532), np.float64(0.031842797379574746), np.float64(0.8243455764664891), np.float64(0.07455474342370365), np.float64(0.8712166085656282), np.float64(1.5), np.float64(0.896599751556732), np.float64(9.91595148854681e-05)]","[np.float64(0.596), np.float64(0.0), np.float64(0.003132138404273714), np.float64(0.0), np.float64(0.03333333333333333), np.float64(0.8180512470884033), np.float64(0.3399396097730977), np.float64(0.06035111860533737)]"
2026-07-21T12:11:46.821496,5,Back Translation,1,0.5969372179144325,0.5969372179144325,"[np.float64(0.18789288556346834), np.float64(0.09619081345629357), np.float64(0.8243455764664891), np.float64(0.14331880346691328), np.float64(0.8635975772183904), np.float64(1.3932164893003895), np.float64(0.896599751556732), np.float64(0.0001)]","[np.float64(0.596), np.float64(0.0), np.float64(0.003132138404273714), np.float64(0.0), np.float64(0.03333333333333333), np.float64(0.8180512470884033), np.float64(0.3399396097730977), np.float64(0.06035111860533737)]"
2026-07-21T12:11:46.821496,5,Back Translation,2,0.5926052633451016,0.5926052633451016,"[np.float64(0.18911758334326167), np.float64(0.09428833392281918), np.float64(1.6244888293250859), np.float64(0.09868378605850849), np.float64(0.8823447926443313), np.float64(1.408701633315574), np.float64(0.9822061195786662), np.float64(9.210923341011132e-05)]","[np.float64(0.596), np.float64(0.0), np.float64(0.003132138404273714), np.float64(0.0), np.float64(0.03333333333333333), np.float64(0.8180512470884033), np.float64(0.3399396097730977), np.float64(0.06035111860533737)]"
2026-07-21T12:11:46.822017,5,Back Translation,2,0.5903705532674387,0.5903705532674387,"[np.float64(0.18911758334326167), np.float64(0.0704288516894689), np.float64(1.6244888293250859), np.float64(0.07717569137568131), np.float64(0.8644844207181269), np.float64(1.4205763691160325), np.float64(0.9182066578413898), np.float64(9.91595148854681e-05)]","[np.float64(0.596), np.float64(0.0), np.float64(0.003132138404273714), np.float64(0.0), np.float64(0.03333333333333333), np.float64(0.8180512470884033), np.float64(0.3399396097730977), np.float64(0.06035111860533737)]"
2026-07-21T12:11:46.822533,5,Back Translation,1,0.5895578144601678,0.5895578144601678,"[np.float64(0.19243588044160492), np.float64(0.09401230574450226), np.float64(0.8243455764664891), np.float64(0.10281995872339647), np.float64(0.8692065149439949), np.float64(1.4205763691160325), np.float64(0.896599751556732), np.float64(0.0001)]","[np.float64(0.596), np.float64(0.0), np.float64(0.003132138404273714), np.float64(0.0), np.float64(0.03333333333333333), np.float64(0.8180512470884033), np.float64(0.3399396097730977), np.float64(0.06035111860533737)]"
2026-07-21T12:11:46.822533,5,Back Translation,1,0.589429483008212,0.589429483008212,"[np.float64(0.2261718332796915), np.float64(0.09401230574450226), np.float64(0.8243455764664891), np.float64(0.11155404456502704), np.float64(0.8712166085656282), np.float64(1.4753051723557178), np.float64(0.896599751556732), np.float64(0.0001)]","[np.float64(0.596), np.float64(0.0), np.float64(0.003132138404273714), np.float64(0.0), np.float64(0.03333333333333333), np.float64(0.8180512470884033), np.float64(0.3399396097730977), np.float64(0.06035111860533737)]"
2026-07-21T12:11:46.823047,5,Back Translation,1,0.583076089004037,0.583076089004037,"[np.float64(0.371727923467826), np.float64(0.09401230574450226), np.float64(0.6602216451008365), np.float64(0.1349194552228824), np.float64(0.9008431124201856), np.float64(1.4205763691160325), np.float64(0.896599751556732), np.float64(0.0001)]","[np.float64(0.596), np.float64(0.0), np.float64(0.003132138404273714), np.float64(0.0), np.float64(0.03333333333333333), np.float64(0.8180512470884033), np.float64(0.3399396097730977), np.float64(0.06035111860533737)]"
2026-07-21T12:11:57.698736,5,BERT Contextual,5,0.5445641828620552,0.5445641828620552,"[np.float64(0.23195391467475854), np.float64(0.9628824443355493), np.float64(5.489503661022506), np.float64(0.12086663533611881), np.float64(0.98), np.float64(1.5), np.float64(0.39355787239853485), np.float64(8.21093686495239e-05)]","[0.596, 0.0, 0.003132138404273714, 0.0, 0.03333333333333333, 0.8180512470884033, 0.3399396097730977, 0.06035111860533737]"
2026-07-21T12:12:10.685911,6,Hybrid,2,0.7005709784142665,0.7005709784142665,"[np.float64(0.8018670118042336), np.float64(0.8241244026423431), np.float64(1.730651113318287), np.float64(0.2598390814994794), np.float64(0.8721617313446836), np.float64(1.4054195432338463), np.float64(0.6246870875827862), np.float64(3.227943157748463e-05)]","[np.float64(0.5866666666666667), np.float64(0.0), np.float64(0.02292734947662949), np.float64(0.025), np.float64(0.05), np.float64(0.8373002144884607), np.float64(0.3819543437741991), np.float64(0.04563748564001878)]"
2026-07-21T12:12:10.686429,6,Hybrid,1,0.6976366154417339,0.6976366154417339,"[np.float64(0.9134178930273997), np.float64(0.8920587269979263), np.float64(0.716685480269354), np.float64(0.2952725520754492), np.float64(0.8397870729943056), np.float64(1.4909141565715418), np.float64(0.6246870875827862), np.float64(2.6886552420393304e-05)]","[np.float64(0.5866666666666667), np.float64(0.0), np.float64(0.02292734947662949), np.float64(0.025), np.float64(0.05), np.float64(0.8373002144884607), np.float64(0.3819543437741991), np.float64(0.04563748564001878)]"
2026-07-21T12:12:10.686429,6,Hybrid,2,0.6874278163321277,0.6874278163321277,"[np.float64(0.7746520251837363), np.float64(0.7150201137345186), np.float64(1.5165836540710989), np.float64(0.24128949559557963), np.float64(0.9020370716999156), np.float64(1.4054195432338463), np.float64(0.6548663917665618), np.float64(3.227943157748463e-05)]","[np.float64(0.5866666666666667), np.float64(0.0), np.float64(0.02292734947662949), np.float64(0.025), np.float64(0.05), np.float64(0.8373002144884607), np.float64(0.3819543437741991), np.float64(0.04563748564001878)]"
2026-07-21T12:12:10.686951,6,Hybrid,2,0.6850465726157735,0.6850465726157735,"[np.float64(0.8090994075018478), np.float64(0.7150201137345186), np.float64(1.8873832132032948), np.float64(0.24705694203680037), np.float64(0.8977792309788246), np.float64(1.4054195432338463), np.float64(0.6548663917665618), np.float64(2.4551214662021654e-05)]","[np.float64(0.5866666666666667), np.float64(0.0), np.float64(0.02292734947662949), np.float64(0.025), np.float64(0.05), np.float64(0.8373002144884607), np.float64(0.3819543437741991), np.float64(0.04563748564001878)]"
2026-07-21T12:12:10.687468,6,Hybrid,2,0.6837420620486513,0.6837420620486513,"[np.float64(0.8090994075018478), np.float64(0.7150201137345186), np.float64(1.5165836540710989), np.float64(0.25433331561675204), np.float64(0.8721617313446836), np.float64(1.4054195432338463), np.float64(0.6246870875827862), np.float64(3.3489334029143454e-05)]","[np.float64(0.5866666666666667), np.float64(0.0), np.float64(0.02292734947662949), np.float64(0.025), np.float64(0.05), np.float64(0.8373002144884607), np.float64(0.3819543437741991), np.float64(0.04563748564001878)]"
2026-07-21T12:12:10.687468,6,Hybrid,2,0.6836308604780802,0.6836308604780802,"[np.float64(0.8090994075018478), np.float64(0.7150201137345186), np.float64(1.5165836540710989), np.float64(0.24705694203680037), np.float64(0.8977792309788246), np.float64(1.4054195432338463), np.float64(0.6548663917665618), np.float64(3.227943157748463e-05)]","[np.float64(0.5866666666666667), np.float64(0.0), np.float64(0.02292734947662949), np.float64(0.025), np.float64(0.05), np.float64(0.8373002144884607), np.float64(0.3819543437741991), np.float64(0.04563748564001878)]"
2026-07-21T12:12:10.687985,6,Hybrid,2,0.6822106335607881,0.6822106335607881,"[np.float64(0.8239360228079738), np.float64(0.7150201137345186), np.float64(1.5165836540710989), np.float64(0.22419414549048003), np.float64(0.8721617313446836), np.float64(1.4054195432338463), np.float64(0.6246870875827862), np.float64(3.227943157748463e-05)]","[np.float64(0.5866666666666667), np.float64(0.0), np.float64(0.02292734947662949), np.float64(0.025), np.float64(0.05), np.float64(0.8373002144884607), np.float64(0.3819543437741991), np.float64(0.04563748564001878)]"
2026-07-21T12:12:10.688500,6,Hybrid,2,0.6821249001665074,0.6821249001665074,"[np.float64(0.8090994075018478), np.float64(0.7150201137345186), np.float64(1.5165836540710989), np.float64(0.23377945818835216), np.float64(0.8977792309788246), np.float64(1.4054195432338463), np.float64(0.6335290726906447), np.float64(3.227943157748463e-05)]","[np.float64(0.5866666666666667), np.float64(0.0), np.float64(0.02292734947662949), np.float64(0.025), np.float64(0.05), np.float64(0.8373002144884607), np.float64(0.3819543437741991), np.float64(0.04563748564001878)]"
2026-07-21T12:12:10.688500,6,Hybrid,1,0.6802487940681254,0.6802487940681254,"[np.float64(0.8018670118042336), np.float64(0.8787454140100828), np.float64(0.5669833283361592), np.float64(0.24705694203680037), np.float64(0.8977792309788246), np.float64(1.4054195432338463), np.float64(0.6548663917665618), np.float64(2e-05)]","[np.float64(0.5866666666666667), np.float64(0.0), np.float64(0.02292734947662949), np.float64(0.025), np.float64(0.05), np.float64(0.8373002144884607), np.float64(0.3819543437741991), np.float64(0.04563748564001878)]"
2026-07-21T12:12:10.689024,6,Hybrid,1,0.6746725574916722,0.6746725574916722,"[np.float64(0.9134178930273997), np.float64(0.7489119129615998), np.float64(0.716685480269354), np.float64(0.2952725520754492), np.float64(0.8397870729943056), np.float64(1.5), np.float64(0.6246870875827862), np.float64(3.952657622100871e-05)]","[np.float64(0.5866666666666667), np.float64(0.0), np.float64(0.02292734947662949), np.float64(0.025), np.float64(0.05), np.float64(0.8373002144884607), np.float64(0.3819543437741991), np.float64(0.04563748564001878)]"
2026-07-21T12:12:27.522573,6,Hybrid,2,0.4702933213419147,0.4702933213419147,"[np.float64(1.0), np.float64(0.8533883580895538), np.float64(1.463292673971717), np.float64(0.27115219039261385), np.float64(0.8406582981166714), np.float64(1.5), np.float64(1.0), np.float64(2.9277928783044737e-05)]","[0.5866666666666667, 0.0, 0.02292734947662949, 0.025, 0.05, 0.8373002144884607, 0.3819543437741991, 0.04563748564001878]"
2026-07-21T12:12:39.684848,7,Back Translation,5,0.6296659002308459,0.6296659002308459,"[np.float64(0.25815035993384305), np.float64(0.0133993998158205), np.float64(5.429107374190985), np.float64(0.1871788830636929), np.float64(0.940860317919695), np.float64(1.2220987049093888), np.float64(0.3929353647841315), np.float64(9.768084508704751e-05)]","[np.float64(0.18783333333333332), np.float64(0.0), np.float64(0.008928571428571428), np.float64(0.0), np.float64(0.016666666666666666), np.float64(0.8981865430812583), np.float64(0.27995239792792304), np.float64(0.05942128399921086)]"
2026-07-21T12:12:39.684848,7,Back Translation,5,0.6296659002308459,0.6296659002308459,"[np.float64(0.25815035993384305), np.float64(0.0133993998158205), np.float64(5.429107374190985), np.float64(0.1871788830636929), np.float64(0.940860317919695), np.float64(1.2220987049093888), np.float64(0.3929353647841315), np.float64(9.768084508704751e-05)]","[np.float64(0.18783333333333332), np.float64(0.0), np.float64(0.008928571428571428), np.float64(0.0), np.float64(0.016666666666666666), np.float64(0.8981865430812583), np.float64(0.27995239792792304), np.float64(0.05942128399921086)]"
2026-07-21T12:12:39.685368,7,Back Translation,6,0.5838977075362551,0.5838977075362551,"[np.float64(0.25815035993384305), np.float64(0.0), np.float64(5.642000373451365), np.float64(0.1673697940211472), np.float64(0.9111690301030018), np.float64(1.2220987049093888), np.float64(0.45511068845023017), np.float64(8.517009631946915e-05)]","[np.float64(0.18783333333333332), np.float64(0.0), np.float64(0.008928571428571428), np.float64(0.0), np.float64(0.016666666666666666), np.float64(0.8981865430812583), np.float64(0.27995239792792304), np.float64(0.05942128399921086)]"
2026-07-21T12:12:39.685891,7,Back Translation,5,0.5692333549105189,0.5692333549105189,"[np.float64(0.24180234164006403), np.float64(0.0), np.float64(5.429107374190985), np.float64(0.14420482377297578), np.float64(0.9340898109320595), np.float64(1.2220987049093888), np.float64(0.45511068845023017), np.float64(9.025620802248801e-05)]","[np.float64(0.18783333333333332), np.float64(0.0), np.float64(0.008928571428571428), np.float64(0.0), np.float64(0.016666666666666666), np.float64(0.8981865430812583), np.float64(0.27995239792792304), np.float64(0.05942128399921086)]"
2026-07-21T12:12:39.685891,7,Back Translation,5,0.5655437447080712,0.5655437447080712,"[np.float64(0.25815035993384305), np.float64(0.0133993998158205), np.float64(5.429107374190985), np.float64(0.1871788830636929), np.float64(0.9340898109320595), np.float64(1.2220987049093888), np.float64(0.4078885862134464), np.float64(9.78768683933601e-05)]","[np.float64(0.18783333333333332), np.float64(0.0), np.float64(0.008928571428571428), np.float64(0.0), np.float64(0.016666666666666666), np.float64(0.8981865430812583), np.float64(0.27995239792792304), np.float64(0.05942128399921086)]"
2026-07-21T12:12:39.686409,7,Back Translation,5,0.5648612617346206,0.5648612617346206,"[np.float64(0.25815035993384305), np.float64(0.0133993998158205), np.float64(5.429107374190985), np.float64(0.1695039277503391), np.float64(0.9269819234436685), np.float64(1.2220987049093888), np.float64(0.3929353647841315), np.float64(7.866069955567848e-05)]","[np.float64(0.18783333333333332), np.float64(0.0), np.float64(0.008928571428571428), np.float64(0.0), np.float64(0.016666666666666666), np.float64(0.8981865430812583), np.float64(0.27995239792792304), np.float64(0.05942128399921086)]"
2026-07-21T12:12:39.686409,7,Back Translation,5,0.5643577394388609,0.5643577394388609,"[np.float64(0.25815035993384305), np.float64(0.0), np.float64(5.429107374190985), np.float64(0.1871788830636929), np.float64(0.940860317919695), np.float64(1.2035028724597845), np.float64(0.4285540018247998), np.float64(0.0001)]","[np.float64(0.18783333333333332), np.float64(0.0), np.float64(0.008928571428571428), np.float64(0.0), np.float64(0.016666666666666666), np.float64(0.8981865430812583), np.float64(0.27995239792792304), np.float64(0.05942128399921086)]"
2026-07-21T12:12:39.686932,7,Back Translation,5,0.5642754118078218,0.5642754118078218,"[np.float64(0.25815035993384305), np.float64(0.09115208466772415), np.float64(5.429107374190985), np.float64(0.1871788830636929), np.float64(0.940860317919695), np.float64(1.222002156690733), np.float64(0.4285540018247998), np.float64(0.0001)]","[np.float64(0.18783333333333332), np.float64(0.0), np.float64(0.008928571428571428), np.float64(0.0), np.float64(0.016666666666666666), np.float64(0.8981865430812583), np.float64(0.27995239792792304), np.float64(0.05942128399921086)]"
2026-07-21T12:12:39.687455,7,Back Translation,6,0.5583163936481956,0.5583163936481956,"[np.float64(0.25815035993384305), np.float64(0.1593738411211486), np.float64(5.711611064290258), np.float64(0.1871788830636929), np.float64(0.940860317919695), np.float64(1.2220987049093888), np.float64(0.3929353647841315), np.float64(9.768084508704751e-05)]","[np.float64(0.18783333333333332), np.float64(0.0), np.float64(0.008928571428571428), np.float64(0.0), np.float64(0.016666666666666666), np.float64(0.8981865430812583), np.float64(0.27995239792792304), np.float64(0.05942128399921086)]"
2026-07-21T12:12:39.687455,7,Back Translation,6,0.5556800830796657,0.5556800830796657,"[np.float64(0.25815035993384305), np.float64(0.0133993998158205), np.float64(5.678451225469418), np.float64(0.19558961091847968), np.float64(0.940860317919695), np.float64(1.1319856724401043), np.float64(0.40807501633604204), np.float64(0.0001)]","[np.float64(0.18783333333333332), np.float64(0.0), np.float64(0.008928571428571428), np.float64(0.0), np.float64(0.016666666666666666), np.float64(0.8981865430812583), np.float64(0.27995239792792304), np.float64(0.05942128399921086)]"
2026-07-21T12:12:57.055597,7,Hybrid,3,0.5081065594062848,0.5081065594062848,"[np.float64(1.0), np.float64(0.79497932439619), np.float64(2.77479992096934), np.float64(0.16620360199727569), np.float64(0.98), np.float64(1.3657529994846407), np.float64(0.7857267730388996), np.float64(6.871910610912613e-05)]","[0.18783333333333332, 0.0, 0.008928571428571428, 0.0, 0.016666666666666666, 0.8981865430812583, 0.27995239792792304, 0.05942128399921086]"
2026-07-21T12:13:09.885386,8,Back Translation,6,0.7182184455298026,0.7182184455298026,"[np.float64(0.5545041926768012), np.float64(0.4746950038005928), np.float64(6.259714686907999), np.float64(0.19181246195392312), np.float64(0.9311574418644166), np.float64(1.5), np.float64(0.10873776511826483), np.float64(9.82140026605342e-05)]","[np.float64(0.7056666666666667), np.float64(0.0), np.float64(0.010606249810795266), np.float64(0.05), np.float64(0.08333333333333333), np.float64(0.7990460215231565), np.float64(0.31825429250385423), np.float64(0.07013421477475074)]"
2026-07-21T12:13:09.885908,8,Back Translation,4,0.7166343599280744,0.7166343599280744,"[np.float64(0.5692852701122407), np.float64(0.43122771391015274), np.float64(3.884448448276763), np.float64(0.2065707853326073), np.float64(0.9668877164836297), np.float64(1.401544843216916), np.float64(0.18892523341181894), np.float64(0.0001)]","[np.float64(0.7056666666666667), np.float64(0.0), np.float64(0.010606249810795266), np.float64(0.05), np.float64(0.08333333333333333), np.float64(0.7990460215231565), np.float64(0.31825429250385423), np.float64(0.07013421477475074)]"
2026-07-21T12:13:09.885908,8,BERT Contextual,5,0.7157298687199665,0.7157298687199665,"[np.float64(0.40858447400573317), np.float64(0.4746950038005928), np.float64(5.247342075444485), np.float64(0.2065707853326073), np.float64(0.9311574418644166), np.float64(1.4980703967041158), np.float64(0.1), np.float64(0.0001)]","[np.float64(0.7056666666666667), np.float64(0.0), np.float64(0.010606249810795266), np.float64(0.05), np.float64(0.08333333333333333), np.float64(0.7990460215231565), np.float64(0.31825429250385423), np.float64(0.07013421477475074)]"
2026-07-21T12:13:09.886425,8,Back Translation,5,0.7156924709342316,0.7156924709342316,"[np.float64(0.47622537088663), np.float64(0.4746950038005928), np.float64(4.827788437090261), np.float64(0.2065707853326073), np.float64(0.9311574418644166), np.float64(1.5), np.float64(0.10873776511826483), np.float64(0.0001)]","[np.float64(0.7056666666666667), np.float64(0.0), np.float64(0.010606249810795266), np.float64(0.05), np.float64(0.08333333333333333), np.float64(0.7990460215231565), np.float64(0.31825429250385423), np.float64(0.07013421477475074)]"
2026-07-21T12:13:09.886943,8,Back Translation,4,0.7150068868030546,0.7150068868030546,"[np.float64(0.8485321089458427), np.float64(0.3872048100023545), np.float64(3.884448448276763), np.float64(0.22030680771645497), np.float64(0.9668877164836297), np.float64(1.5), np.float64(0.18892523341181894), np.float64(0.0001)]","[np.float64(0.7056666666666667), np.float64(0.0), np.float64(0.010606249810795266), np.float64(0.05), np.float64(0.08333333333333333), np.float64(0.7990460215231565), np.float64(0.31825429250385423), np.float64(0.07013421477475074)]"
2026-07-21T12:13:09.886943,8,BERT Contextual,4,0.7148556900274642,0.7148556900274642,"[np.float64(0.4535969232611795), np.float64(0.4746950038005928), np.float64(3.884448448276763), np.float64(0.2065707853326073), np.float64(0.9321713895127178), np.float64(1.5), np.float64(0.18892523341181894), np.float64(0.0001)]","[np.float64(0.7056666666666667), np.float64(0.0), np.float64(0.010606249810795266), np.float64(0.05), np.float64(0.08333333333333333), np.float64(0.7990460215231565), np.float64(0.31825429250385423), np.float64(0.07013421477475074)]"
2026-07-21T12:13:09.887457,8,Back Translation,4,0.7125394241694549,0.7125394241694549,"[np.float64(0.8485321089458427), np.float64(0.43122771391015274), np.float64(3.884448448276763), np.float64(0.2065707853326073), np.float64(0.9668877164836297), np.float64(1.4453759495074785), np.float64(0.18892523341181894), np.float64(0.0001)]","[np.float64(0.7056666666666667), np.float64(0.0), np.float64(0.010606249810795266), np.float64(0.05), np.float64(0.08333333333333333), np.float64(0.7990460215231565), np.float64(0.31825429250385423), np.float64(0.07013421477475074)]"
2026-07-21T12:13:09.887973,8,Back Translation,5,0.7104590275790498,0.7104590275790498,"[np.float64(0.47622537088663), np.float64(0.4746950038005928), np.float64(5.26721598637661), np.float64(0.2065707853326073), np.float64(0.9326291995281596), np.float64(1.5), np.float64(0.10873776511826483), np.float64(0.0001)]","[np.float64(0.7056666666666667), np.float64(0.0), np.float64(0.010606249810795266), np.float64(0.05), np.float64(0.08333333333333333), np.float64(0.7990460215231565), np.float64(0.31825429250385423), np.float64(0.07013421477475074)]"
2026-07-21T12:13:09.887973,8,Back Translation,5,0.7064849585324767,0.7064849585324767,"[np.float64(0.8485321089458427), np.float64(0.43122771391015274), np.float64(4.827788437090261), np.float64(0.2065707853326073), np.float64(0.9311574418644166), np.float64(1.5), np.float64(0.10873776511826483), np.float64(0.0001)]","[np.float64(0.7056666666666667), np.float64(0.0), np.float64(0.010606249810795266), np.float64(0.05), np.float64(0.08333333333333333), np.float64(0.7990460215231565), np.float64(0.31825429250385423), np.float64(0.07013421477475074)]"
2026-07-21T12:13:09.888486,8,Back Translation,5,0.7059338905429793,0.7059338905429793,"[np.float64(0.8485321089458427), np.float64(0.4746950038005928), np.float64(4.739952291067708), np.float64(0.2065707853326073), np.float64(0.9311574418644166), np.float64(1.5), np.float64(0.10873776511826483), np.float64(0.0001)]","[np.float64(0.7056666666666667), np.float64(0.0), np.float64(0.010606249810795266), np.float64(0.05), np.float64(0.08333333333333333), np.float64(0.7990460215231565), np.float64(0.31825429250385423), np.float64(0.07013421477475074)]"
2026-07-21T12:13:24.279089,8,Hybrid,5,0.47521808473753546,0.47521808473753546,"[np.float64(0.83333716274721), np.float64(0.6170358473695036), np.float64(4.52628521597627), np.float64(0.16274609767721773), np.float64(0.98), np.float64(1.5), np.float64(0.11117247701211068), np.float64(9.818923222491308e-05)]","[0.7056666666666667, 0.0, 0.010606249810795266, 0.05, 0.08333333333333333, 0.7990460215231565, 0.31825429250385423, 0.07013421477475074]"
