chunk,loss,macro_f1,runtime_s,mem_peak_mb
0,0.02399958578722355,0.16270156809482655,4.387058734893799,6.583054542541504
1,0.03916224174018239,0.13339366515837106,3.2713143825531006,6.583054542541504
2,0.05659597832780214,0.32683359341750606,3.3414974212646484,6.583054542541504
3,0.08026859963960128,0.4641906951935882,3.351306915283203,6.583054542541504
4,0.1283192001650357,0.48936809960065775,2.294213056564331,6.583054542541504
5,0.10411589558164273,0.5479300714105414,13.113842248916626,6.583054542541504
6,0.21198061254097575,0.5938360985419808,22.623180866241455,6.583054542541504
7,0.22755559934318054,0.5035135135135135,19.452165126800537,6.583054542541504
8,0.14376605368459067,0.5933709273182958,2.6757452487945557,6.583054542541504
9,0.10107126157387825,0.48519628806618875,20.976059198379517,6.583054542541504
