Seed,Baseline,Chunk,Epoch,Step,Current_LR,Train_Loss,Validation_Loss,Macro_F1,Loss_Function,Class_Weights,Gamma
42,Proposed Hybrid GA-GWO,0,0,10,5.71789854269783e-06,1.5863664269447326,1.5368007719516754,0.08709677419354839,CE,"[0.6790123456790123, 0.2469135802469136, 0.6790123456790123, 0.6790123456790123, 2.716049382716049]",2.0
42,Proposed Hybrid GA-GWO,1,1,20,1.143579708539566e-05,1.5224130511283875,1.529391199350357,0.08476190476190477,CE,"[0.4384965831435079, 0.23917995444191345, 0.3758542141230069, 1.315489749430524, 2.630979498861048]",2.0
42,Proposed Hybrid GA-GWO,2,2,30,1.1348929358483859e-05,1.4964347004890441,1.505448430776596,0.0711864406779661,CE,"[0.4158004158004158, 0.37422037422037424, 0.4677754677754678, 1.8711018711018712, 1.8711018711018712]",2.0
42,Proposed Hybrid GA-GWO,3,3,40,1.109096560967348e-05,1.4753400325775146,1.5044828355312347,0.0711864406779661,CE,"[0.6442166910688141, 0.4099560761346998, 0.5636896046852123, 1.1273792093704247, 2.2547584187408494]",2.0
42,Proposed Hybrid GA-GWO,4,4,50,1.0669743936936172e-05,1.360314095020294,1.4781208336353302,0.18503401360544217,CE,"[0.4529115744069015, 0.6470165348670021, 0.5032350826743349, 1.1322789360172538, 2.2645578720345076]",2.0
42,Proposed Hybrid GA-GWO,5,5,60,1.0098062947649604e-05,1.4508545517921447,1.5591954588890076,0.27176470588235296,CE,"[1.3647642679900742, 0.4962779156327543, 0.6823821339950371, 1.3647642679900742, 1.0918114143920594]",2.0
42,Proposed Hybrid GA-GWO,6,6,70,9.393292879388713e-06,1.2683756709098817,1.5181814879179,0.3099279197416408,CE,"[0.8633093525179857, 0.8633093525179857, 0.7553956834532374, 1.5107913669064748, 1.0071942446043165]",2.0
42,Proposed Hybrid GA-GWO,7,7,80,8.576847814046744e-06,1.0828594505786895,1.5812341272830963,0.3070835401157982,CE,"[0.8434864104967197, 0.8434864104967197, 0.6560449859418931, 1.1808809746954076, 1.4761012183692594]",2.0
42,Proposed Hybrid GA-GWO,8,8,90,7.673535021792975e-06,0.8994999587535858,1.9223105907440186,0.2900603621730382,CE,"[0.8810572687224669, 0.7709251101321586, 0.8810572687224669, 1.2334801762114538, 1.2334801762114538]",2.0
42,Proposed Hybrid GA-GWO,9,9,100,6.710801204721706e-06,0.8461930394172669,2.1105968952178955,0.4888383838383839,CE,"[0.6000000000000001, 1.0, 1.2000000000000002, 1.0, 1.2000000000000002]",2.0
42,Proposed Hybrid GA-GWO,10,10,110,5.71789854269783e-06,1.0629566013813019,1.4502955079078674,0.6483077905491699,CE,"[1.0273972602739727, 0.6849315068493151, 1.0273972602739727, 1.2328767123287672, 1.0273972602739727]",2.0
42,Proposed Hybrid GA-GWO,11,11,120,4.724995880673955e-06,0.6779098272323608,1.842934101819992,0.6340105929244422,CE,"[0.8915304606240714, 1.0401188707280833, 1.0401188707280833, 0.7800891530460624, 1.2481426448736999]",2.0
42,Proposed Hybrid GA-GWO,12,12,130,3.762262063602686e-06,0.7870866417884826,1.7288838028907776,0.669871568077548,CE,"[0.8982035928143712, 0.8982035928143712, 1.2574850299401197, 0.8982035928143712, 1.0479041916167664]",2.0
42,Proposed Hybrid GA-GWO,13,13,140,2.858949271348916e-06,0.7379277050495148,1.6992320120334625,0.6554377648495295,CE,"[1.0273972602739727, 0.6849315068493151, 1.0273972602739727, 1.0273972602739727, 1.2328767123287672]",2.0
42,Proposed Hybrid GA-GWO,14,14,150,2.042504206006945e-06,0.7495330154895783,1.6872677505016327,0.6629170966632267,CE,"[1.2185686653771761, 0.8704061895551257, 0.6769825918762089, 1.2185686653771761, 1.0154738878143135]",2.0
42,Proposed Hybrid GA-GWO,15,15,160,1.3377341377460554e-06,0.7951885819435119,1.7118668109178543,0.6304908103592315,CE,"[0.8982035928143712, 0.8982035928143712, 1.2574850299401197, 1.0479041916167664, 0.8982035928143712]",2.0
42,Proposed Hybrid GA-GWO,16,16,170,7.660531484594881e-07,0.6439063072204589,1.6513760387897491,0.6827285024511225,CE,"[1.0606060606060606, 1.0606060606060606, 0.9090909090909092, 0.9090909090909092, 1.0606060606060606]",2.0
42,Proposed Hybrid GA-GWO,17,17,180,3.4483147572218024e-07,0.9822431385517121,1.6376632750034332,0.668792872863319,CE,"[0.8810572687224669, 0.8810572687224669, 0.7709251101321586, 1.2334801762114538, 1.2334801762114538]",2.0
42,Proposed Hybrid GA-GWO,18,18,190,8.686772691180125e-08,0.6548569917678833,1.6477441191673279,0.6786980554000804,CE,"[1.0401188707280833, 1.0401188707280833, 0.8915304606240714, 0.7800891530460624, 1.2481426448736999]",2.0
42,Proposed Hybrid GA-GWO,19,19,200,0.0,1.0292616128921508,1.649013340473175,0.6786980554000804,CE,"[0.7553956834532374, 1.0071942446043165, 0.8633093525179857, 0.8633093525179857, 1.5107913669064748]",2.0
