Chunk_ID,Event,Sample_Count,R2,MAE,Is_Trusted,Unc_Threshold,Fallback_Ratio,Reason
1,GATE_FAIL,18,-190.1548,0.0723,False,1.0,,R²=-190.155 < 0.3
2,GATE_FAIL,27,-0.6275,0.0922,False,1.0,,R²=-0.628 < 0.3
3,GATE_FAIL,36,-1.4577,0.1339,False,1.0,,R²=-1.458 < 0.3
4,GATE_PASS,47,0.6315,0.0863,True,1.0,,OK
5,GATE_PASS,58,0.4161,0.1312,True,1.0,,OK
6,GATE_PASS,69,0.5734,0.1044,True,1.0,,OK
7,GATE_PASS,80,0.4101,0.1059,True,1.0,,OK
8,GATE_PASS,91,0.7972,0.0604,True,1.0,,OK
9,GATE_PASS,102,0.7303,0.0628,True,1.0,,OK
10,GATE_PASS,113,0.8266,0.0532,True,1.0,,OK
11,GATE_PASS,124,0.7789,0.0658,True,1.0,,OK
12,GATE_PASS,135,0.7535,0.0556,True,1.0,,OK
