Timestamp,Chunk_ID,Strategy,Budget,Fitness,Macro_F1,Utility,Confidence,Cost,FACI_Vector,Semantic_Threshold
2026-07-20T17:42:11.720474,0,No Augmentation,0,0.0,0.08709677419354839,0.0,0.0,0.0,"[0.3636666666666667, 0.0, 0.010070332480818414, 0.05, 0.016666666666666666, 0.8427375607525512, 0.33051630869099996, 0.08872982524413026]",0.85
2026-07-20T17:42:43.560245,1,No Augmentation,0,0.0,0.13596491228070176,0.0,0.0,0.0,"[0.4138333333333334, 0.0, 0.016230559071711233, 0.075, 0.03333333333333333, 0.8564600873842346, 0.3314067653855654, 0.06781522656865366]",0.85
2026-07-20T17:43:09.884889,2,No Augmentation,0,0.0,0.1328548644338118,0.0,0.0,0.0,"[0.4728333333333333, 0.0, 0.010172310981184488, 0.025, 0.03333333333333333, 0.8537020469269972, 0.35478537559830026, 0.034303041350374056]",0.85
2026-07-20T17:43:36.747893,3,No Augmentation,0,0.0,0.4290574060949681,0.0,0.0,0.0,"[0.43233333333333335, 0.0, 0.022251538045888163, 0.075, 0.05, 0.8517251001343095, 0.317390485002239, 0.06742000237797459]",0.85
2026-07-20T17:44:05.304923,4,No Augmentation,0,0.0,0.4595668810034136,0.0,0.0,0.0,"[0.5226666666666666, 0.0, 0.014129674471060508, 0.05, 0.08333333333333333, 0.8348093728333563, 0.313562798153046, 0.07417164015645687]",0.85
2026-07-20T17:44:32.850426,5,No Augmentation,0,0.0,0.568095238095238,0.0,0.0,0.0,"[0.596, 0.0, 0.003132138404273714, 0.0, 0.03333333333333333, 0.8180512470884036, 0.3399396097730977, 0.06035111860533737]",0.85
2026-07-20T17:44:57.761923,6,No Augmentation,0,0.0,0.5790617488047107,0.0,0.0,0.0,"[0.5866666666666667, 0.0, 0.02292734947662949, 0.025, 0.05, 0.8373002144884607, 0.3819543437741991, 0.04563748564001878]",0.9
2026-07-20T17:45:21.671198,7,No Augmentation,0,0.0,0.5952380952380951,0.0,0.0,0.0,"[0.18783333333333332, 0.0, 0.008928571428571428, 0.0, 0.016666666666666666, 0.8981865430812584, 0.27995239792792304, 0.05942128399921086]",0.8
2026-07-20T17:45:47.836152,8,No Augmentation,0,0.0,0.6572385766676578,0.0,0.0,0.0,"[0.7056666666666667, 0.0, 0.010606249810795266, 0.05, 0.08333333333333333, 0.7990460215231565, 0.31825429250385423, 0.07013421477475074]",0.9
2026-07-20T17:46:12.186792,9,No Augmentation,0,0.0,0.6889569814948329,0.0,0.0,0.0,"[0.4870000000000001, 0.0, 0.007929282093351002, 0.025, 0.05, 0.8494214180655708, 0.28004552320888776, 0.06519929799196479]",0.85
2026-07-20T17:46:39.141721,10,No Augmentation,0,0.0,0.75335935467083,0.0,0.0,0.0,"[0.5426666666666666, 0.0, 0.006408090131898972, 0.025, 0.08333333333333333, 0.8497281609272374, 0.3997738188355747, 0.06157095898448713]",0.9
2026-07-20T17:47:05.540663,11,No Augmentation,0,0.0,0.7322604219343629,0.0,0.0,0.0,"[0.44333333333333336, 0.0, 0.00867812581722576, 0.025, 0.03333333333333333, 0.8569026782547569, 0.3022514091610133, 0.062295460694799486]",0.85
2026-07-20T17:47:27.802401,12,No Augmentation,0,0.0,0.7668527416913836,0.0,0.0,0.0,"[0.5221666666666667, 0.0, 0.021364610011868575, 0.075, 0.05, 0.8568221868347938, 0.39313844380008045, 0.056895418181867406]",0.9
2026-07-20T17:47:51.380293,13,No Augmentation,0,0.0,0.7230907937706069,0.0,0.0,0.0,"[0.4893333333333335, 0.0, 0.0560263992176678, 0.1, 0.016666666666666666, 0.843912414636133, 0.3329815791870956, 0.06836180342153916]",0.9
2026-07-20T17:48:13.360144,14,No Augmentation,0,0.0,0.7168236895484146,0.0,0.0,0.0,"[0.5155000000000001, 0.0, 0.023340637135238734, 0.075, 0.016666666666666666, 0.8083650501996964, 0.34379238295769854, 0.10253695556424021]",0.85
2026-07-20T17:48:35.609095,15,No Augmentation,0,0.0,0.6853394369117867,0.0,0.0,0.0,"[0.5788333333333333, 0.0, 0.025538441581726905, 0.0, 0.05, 0.8222244033540068, 0.2993683679846065, 0.08419558527920794]",0.85
2026-07-20T17:49:19.090558,0,No Augmentation,0,0.0,0.08709677419354839,0.0,0.0,0.0,"[0.0, 0.0, 0.0, 0.0, 0.0, 0.0, 0.0, 0.0]",0.85
2026-07-20T17:49:40.160218,1,No Augmentation,0,0.0,0.13596491228070176,0.0,0.0,0.0,"[0.0, 0.0, 0.0, 0.0, 0.0, 0.0, 0.0, 0.0]",0.85
2026-07-20T17:50:00.998397,2,No Augmentation,0,0.0,0.1328548644338118,0.0,0.0,0.0,"[0.0, 0.0, 0.0, 0.0, 0.0, 0.0, 0.0, 0.0]",0.85
2026-07-20T17:50:23.888404,3,No Augmentation,0,0.0,0.4290574060949681,0.0,0.0,0.0,"[0.0, 0.0, 0.0, 0.0, 0.0, 0.0, 0.0, 0.0]",0.85
2026-07-20T17:50:47.568358,4,No Augmentation,0,0.0,0.4595668810034136,0.0,0.0,0.0,"[0.0, 0.0, 0.0, 0.0, 0.0, 0.0, 0.0, 0.0]",0.85
2026-07-20T17:51:12.451119,5,No Augmentation,0,0.0,0.568095238095238,0.0,0.0,0.0,"[0.0, 0.0, 0.0, 0.0, 0.0, 0.0, 0.0, 0.0]",0.85
2026-07-20T17:51:37.582296,6,No Augmentation,0,0.0,0.5790617488047107,0.0,0.0,0.0,"[0.0, 0.0, 0.0, 0.0, 0.0, 0.0, 0.0, 0.0]",0.9
2026-07-20T17:52:03.602867,7,No Augmentation,0,0.0,0.5952380952380951,0.0,0.0,0.0,"[0.0, 0.0, 0.0, 0.0, 0.0, 0.0, 0.0, 0.0]",0.8
2026-07-20T17:52:29.408232,8,No Augmentation,0,0.0,0.6572385766676578,0.0,0.0,0.0,"[0.0, 0.0, 0.0, 0.0, 0.0, 0.0, 0.0, 0.0]",0.9
2026-07-20T17:52:55.609919,9,No Augmentation,0,0.0,0.6889569814948329,0.0,0.0,0.0,"[0.0, 0.0, 0.0, 0.0, 0.0, 0.0, 0.0, 0.0]",0.85
2026-07-20T17:53:19.183413,10,No Augmentation,0,0.0,0.75335935467083,0.0,0.0,0.0,"[0.0, 0.0, 0.0, 0.0, 0.0, 0.0, 0.0, 0.0]",0.9
2026-07-20T17:53:44.209234,11,No Augmentation,0,0.0,0.7322604219343629,0.0,0.0,0.0,"[0.0, 0.0, 0.0, 0.0, 0.0, 0.0, 0.0, 0.0]",0.85
2026-07-20T17:54:06.157800,12,No Augmentation,0,0.0,0.7668527416913836,0.0,0.0,0.0,"[0.0, 0.0, 0.0, 0.0, 0.0, 0.0, 0.0, 0.0]",0.9
2026-07-20T17:54:32.467387,13,No Augmentation,0,0.0,0.7230907937706069,0.0,0.0,0.0,"[0.0, 0.0, 0.0, 0.0, 0.0, 0.0, 0.0, 0.0]",0.9
2026-07-20T17:54:54.547632,14,No Augmentation,0,0.0,0.7168236895484146,0.0,0.0,0.0,"[0.0, 0.0, 0.0, 0.0, 0.0, 0.0, 0.0, 0.0]",0.85
2026-07-20T17:55:16.891376,15,No Augmentation,0,0.0,0.6853394369117867,0.0,0.0,0.0,"[0.0, 0.0, 0.0, 0.0, 0.0, 0.0, 0.0, 0.0]",0.85
2026-07-20T18:02:45.024602,0,No Augmentation,0,0.0,0.08709677419354839,0.0,0.0,0.0,"[0.3636666666666667, 0.0, 0.010070332480818414, 0.05, 0.016666666666666666, 0.8427375607525512, 0.33051630869099996, 0.08872982524413026]",0.85
2026-07-20T18:03:06.924622,1,No Augmentation,0,0.0,0.13596491228070176,0.0,0.0,0.0,"[0.4138333333333334, 0.0, 0.016230559071711233, 0.075, 0.03333333333333333, 0.8564600873842346, 0.3314067653855654, 0.06781522656865366]",0.85
2026-07-20T18:03:32.648334,2,No Augmentation,0,0.0,0.1328548644338118,0.0,0.0,0.0,"[0.4728333333333333, 0.0, 0.010172310981184488, 0.025, 0.03333333333333333, 0.8537020469269972, 0.35478537559830026, 0.034303041350374056]",0.85
2026-07-20T18:03:54.438762,3,No Augmentation,0,0.0,0.4290574060949681,0.0,0.0,0.0,"[0.43233333333333335, 0.0, 0.022251538045888163, 0.075, 0.05, 0.8517251001343095, 0.317390485002239, 0.06742000237797459]",0.85
2026-07-20T18:04:18.496005,4,No Augmentation,0,0.0,0.4595668810034136,0.0,0.0,0.0,"[0.5226666666666666, 0.0, 0.014129674471060508, 0.05, 0.08333333333333333, 0.8348093728333563, 0.313562798153046, 0.07417164015645687]",0.85
2026-07-20T18:04:42.700851,5,No Augmentation,0,0.0,0.568095238095238,0.0,0.0,0.0,"[0.596, 0.0, 0.003132138404273714, 0.0, 0.03333333333333333, 0.8180512470884036, 0.3399396097730977, 0.06035111860533737]",0.85
2026-07-20T18:05:07.104803,6,No Augmentation,0,0.0,0.5790617488047107,0.0,0.0,0.0,"[0.5866666666666667, 0.0, 0.02292734947662949, 0.025, 0.05, 0.8373002144884607, 0.3819543437741991, 0.04563748564001878]",0.9
2026-07-20T18:05:33.885803,7,No Augmentation,0,0.0,0.5952380952380951,0.0,0.0,0.0,"[0.18783333333333332, 0.0, 0.008928571428571428, 0.0, 0.016666666666666666, 0.8981865430812584, 0.27995239792792304, 0.05942128399921086]",0.8
2026-07-20T18:05:57.694753,8,No Augmentation,0,0.0,0.6572385766676578,0.0,0.0,0.0,"[0.7056666666666667, 0.0, 0.010606249810795266, 0.05, 0.08333333333333333, 0.7990460215231565, 0.31825429250385423, 0.07013421477475074]",0.9
2026-07-20T18:06:23.854783,9,No Augmentation,0,0.0,0.6889569814948329,0.0,0.0,0.0,"[0.4870000000000001, 0.0, 0.007929282093351002, 0.025, 0.05, 0.8494214180655708, 0.28004552320888776, 0.06519929799196479]",0.85
2026-07-20T18:06:51.986035,10,No Augmentation,0,0.0,0.75335935467083,0.0,0.0,0.0,"[0.5426666666666666, 0.0, 0.006408090131898972, 0.025, 0.08333333333333333, 0.8497281609272374, 0.3997738188355747, 0.06157095898448713]",0.9
2026-07-20T18:07:19.915880,11,No Augmentation,0,0.0,0.7322604219343629,0.0,0.0,0.0,"[0.44333333333333336, 0.0, 0.00867812581722576, 0.025, 0.03333333333333333, 0.8569026782547569, 0.3022514091610133, 0.062295460694799486]",0.85
2026-07-20T18:07:46.800001,12,No Augmentation,0,0.0,0.7668527416913836,0.0,0.0,0.0,"[0.5221666666666667, 0.0, 0.021364610011868575, 0.075, 0.05, 0.8568221868347938, 0.39313844380008045, 0.056895418181867406]",0.9
2026-07-20T18:08:15.342494,13,No Augmentation,0,0.0,0.7230907937706069,0.0,0.0,0.0,"[0.4893333333333335, 0.0, 0.0560263992176678, 0.1, 0.016666666666666666, 0.843912414636133, 0.3329815791870956, 0.06836180342153916]",0.9
2026-07-20T18:08:39.901085,14,No Augmentation,0,0.0,0.7168236895484146,0.0,0.0,0.0,"[0.5155000000000001, 0.0, 0.023340637135238734, 0.075, 0.016666666666666666, 0.8083650501996964, 0.34379238295769854, 0.10253695556424021]",0.85
2026-07-20T18:09:03.733960,15,No Augmentation,0,0.0,0.6853394369117867,0.0,0.0,0.0,"[0.5788333333333333, 0.0, 0.025538441581726905, 0.0, 0.05, 0.8222244033540068, 0.2993683679846065, 0.08419558527920794]",0.85
2026-07-20T18:09:52.479591,0,No Augmentation,0,0.0,0.08709677419354839,0.0,0.0,0.0,"[0.3636666666666667, 0.0, 0.010070332480818414, 0.05, 0.016666666666666666, 0.8427375607525512, 0.33051630869099996, 0.08872982524413026]",0.85
2026-07-20T18:10:19.461088,1,No Augmentation,0,0.0,0.13596491228070176,0.0,0.0,0.0,"[0.4138333333333334, 0.0, 0.016230559071711233, 0.075, 0.03333333333333333, 0.8564600873842346, 0.3314067653855654, 0.06781522656865366]",0.85
2026-07-20T18:10:46.838822,2,No Augmentation,0,0.0,0.1328548644338118,0.0,0.0,0.0,"[0.4728333333333333, 0.0, 0.010172310981184488, 0.025, 0.03333333333333333, 0.8537020469269972, 0.35478537559830026, 0.034303041350374056]",0.85
2026-07-20T18:11:09.664235,3,No Augmentation,0,0.0,0.4290574060949681,0.0,0.0,0.0,"[0.43233333333333335, 0.0, 0.022251538045888163, 0.075, 0.05, 0.8517251001343095, 0.317390485002239, 0.06742000237797459]",0.85
2026-07-20T18:11:39.220155,4,No Augmentation,0,0.0,0.4595668810034136,0.0,0.0,0.0,"[0.5226666666666666, 0.0, 0.014129674471060508, 0.05, 0.08333333333333333, 0.8348093728333563, 0.313562798153046, 0.07417164015645687]",0.85
2026-07-20T18:12:07.560859,5,No Augmentation,0,0.0,0.568095238095238,0.0,0.0,0.0,"[0.596, 0.0, 0.003132138404273714, 0.0, 0.03333333333333333, 0.8180512470884036, 0.3399396097730977, 0.06035111860533737]",0.85
2026-07-20T18:12:34.922577,6,No Augmentation,0,0.0,0.5790617488047107,0.0,0.0,0.0,"[0.5866666666666667, 0.0, 0.02292734947662949, 0.025, 0.05, 0.8373002144884607, 0.3819543437741991, 0.04563748564001878]",0.9
2026-07-20T18:13:03.102294,7,No Augmentation,0,0.0,0.5952380952380951,0.0,0.0,0.0,"[0.18783333333333332, 0.0, 0.008928571428571428, 0.0, 0.016666666666666666, 0.8981865430812584, 0.27995239792792304, 0.05942128399921086]",0.8
2026-07-20T18:13:33.025274,8,No Augmentation,0,0.0,0.6572385766676578,0.0,0.0,0.0,"[0.7056666666666667, 0.0, 0.010606249810795266, 0.05, 0.08333333333333333, 0.7990460215231565, 0.31825429250385423, 0.07013421477475074]",0.9
2026-07-20T18:13:59.846612,9,No Augmentation,0,0.0,0.6889569814948329,0.0,0.0,0.0,"[0.4870000000000001, 0.0, 0.007929282093351002, 0.025, 0.05, 0.8494214180655708, 0.28004552320888776, 0.06519929799196479]",0.85
2026-07-20T18:14:27.196836,10,No Augmentation,0,0.0,0.75335935467083,0.0,0.0,0.0,"[0.5426666666666666, 0.0, 0.006408090131898972, 0.025, 0.08333333333333333, 0.8497281609272374, 0.3997738188355747, 0.06157095898448713]",0.9
2026-07-20T18:14:54.322584,11,No Augmentation,0,0.0,0.7322604219343629,0.0,0.0,0.0,"[0.44333333333333336, 0.0, 0.00867812581722576, 0.025, 0.03333333333333333, 0.8569026782547569, 0.3022514091610133, 0.062295460694799486]",0.85
2026-07-20T18:15:16.731103,12,No Augmentation,0,0.0,0.7668527416913836,0.0,0.0,0.0,"[0.5221666666666667, 0.0, 0.021364610011868575, 0.075, 0.05, 0.8568221868347938, 0.39313844380008045, 0.056895418181867406]",0.9
2026-07-20T18:15:45.244307,13,No Augmentation,0,0.0,0.7230907937706069,0.0,0.0,0.0,"[0.4893333333333335, 0.0, 0.0560263992176678, 0.1, 0.016666666666666666, 0.843912414636133, 0.3329815791870956, 0.06836180342153916]",0.9
2026-07-20T18:16:07.513328,14,No Augmentation,0,0.0,0.7168236895484146,0.0,0.0,0.0,"[0.5155000000000001, 0.0, 0.023340637135238734, 0.075, 0.016666666666666666, 0.8083650501996964, 0.34379238295769854, 0.10253695556424021]",0.85
2026-07-20T18:16:29.862403,15,No Augmentation,0,0.0,0.6853394369117867,0.0,0.0,0.0,"[0.5788333333333333, 0.0, 0.025538441581726905, 0.0, 0.05, 0.8222244033540068, 0.2993683679846065, 0.08419558527920794]",0.85
2026-07-20T18:17:15.896270,0,No Augmentation,0,0.0,0.08709677419354839,0.0,0.0,0.0,"[0.3636666666666667, 0.0, 0.010070332480818414, 0.05, 0.016666666666666666, 0.8427375607525512, 0.33051630869099996, 0.08872982524413026]",0.85
2026-07-20T18:17:41.580165,1,No Augmentation,0,0.0,0.17454545454545453,0.0,0.0,0.0,"[0.4138333333333334, 0.0, 0.016230559071711233, 0.075, 0.03333333333333333, 0.8564600873842346, 0.3314067653855654, 0.06781522656865366]",0.85
2026-07-20T18:18:09.683911,2,No Augmentation,0,0.0,0.24247104247104248,0.0,0.0,0.0,"[0.4728333333333333, 0.0, 0.010172310981184488, 0.025, 0.03333333333333333, 0.8537020469269972, 0.35478537559830026, 0.034303041350374056]",0.85
2026-07-20T18:18:36.262516,3,No Augmentation,0,0.0,0.3644175209692451,0.0,0.0,0.0,"[0.43233333333333335, 0.0, 0.022251538045888163, 0.075, 0.05, 0.8517251001343095, 0.317390485002239, 0.06742000237797459]",0.85
2026-07-20T18:19:02.156378,4,No Augmentation,0,0.0,0.40468200686721667,0.0,0.0,0.0,"[0.5226666666666666, 0.0, 0.014129674471060508, 0.05, 0.08333333333333333, 0.8348093728333563, 0.313562798153046, 0.07417164015645687]",0.85
2026-07-20T18:19:30.937626,5,No Augmentation,0,0.0,0.5034446740593668,0.0,0.0,0.0,"[0.596, 0.0, 0.003132138404273714, 0.0, 0.03333333333333333, 0.8180512470884036, 0.3399396097730977, 0.06035111860533737]",0.85
2026-07-20T18:19:56.934183,6,No Augmentation,0,0.0,0.6136627540667496,0.0,0.0,0.0,"[0.5866666666666667, 0.0, 0.02292734947662949, 0.025, 0.05, 0.8373002144884607, 0.3819543437741991, 0.04563748564001878]",0.9
2026-07-20T18:20:15.521531,7,No Augmentation,0,0.0,0.593669333762213,0.0,0.0,0.0,"[0.18783333333333332, 0.0, 0.008928571428571428, 0.0, 0.016666666666666666, 0.8981865430812584, 0.27995239792792304, 0.05942128399921086]",0.8
2026-07-20T18:20:35.610147,8,No Augmentation,0,0.0,0.5928027393753199,0.0,0.0,0.0,"[0.7056666666666667, 0.0, 0.010606249810795266, 0.05, 0.08333333333333333, 0.7990460215231565, 0.31825429250385423, 0.07013421477475074]",0.9
2026-07-20T18:20:56.070421,9,No Augmentation,0,0.0,0.5328060396252615,0.0,0.0,0.0,"[0.4870000000000001, 0.0, 0.007929282093351002, 0.025, 0.05, 0.8494214180655708, 0.28004552320888776, 0.06519929799196479]",0.85
2026-07-20T18:21:26.554143,0,No Augmentation,0,0.0,0.08709677419354839,0.0,0.0,0.0,"[0.3636666666666667, 0.0, 0.010070332480818414, 0.05, 0.016666666666666666, 0.8427375607525512, 0.33051630869099996, 0.08872982524413026]",0.85
2026-07-20T18:21:45.160484,1,No Augmentation,0,0.0,0.13596491228070176,0.0,0.0,0.0,"[0.4138333333333334, 0.0, 0.016230559071711233, 0.075, 0.03333333333333333, 0.8564600873842346, 0.3314067653855654, 0.06781522656865366]",0.85
2026-07-20T18:22:06.697713,2,No Augmentation,0,0.0,0.1328548644338118,0.0,0.0,0.0,"[0.4728333333333333, 0.0, 0.010172310981184488, 0.025, 0.03333333333333333, 0.8537020469269972, 0.35478537559830026, 0.034303041350374056]",0.85
2026-07-20T18:22:22.480121,3,No Augmentation,0,0.0,0.4290574060949681,0.0,0.0,0.0,"[0.43233333333333335, 0.0, 0.022251538045888163, 0.075, 0.05, 0.8517251001343095, 0.317390485002239, 0.06742000237797459]",0.85
2026-07-20T18:22:44.145687,4,No Augmentation,0,0.0,0.4595668810034136,0.0,0.0,0.0,"[0.5226666666666666, 0.0, 0.014129674471060508, 0.05, 0.08333333333333333, 0.8348093728333563, 0.313562798153046, 0.07417164015645687]",0.85
2026-07-20T18:23:06.484836,5,No Augmentation,0,0.0,0.568095238095238,0.0,0.0,0.0,"[0.596, 0.0, 0.003132138404273714, 0.0, 0.03333333333333333, 0.8180512470884036, 0.3399396097730977, 0.06035111860533737]",0.85
2026-07-20T18:23:30.251109,6,No Augmentation,0,0.0,0.5790617488047107,0.0,0.0,0.0,"[0.5866666666666667, 0.0, 0.02292734947662949, 0.025, 0.05, 0.8373002144884607, 0.3819543437741991, 0.04563748564001878]",0.9
2026-07-20T18:23:52.164650,7,No Augmentation,0,0.0,0.5952380952380951,0.0,0.0,0.0,"[0.18783333333333332, 0.0, 0.008928571428571428, 0.0, 0.016666666666666666, 0.8981865430812584, 0.27995239792792304, 0.05942128399921086]",0.8
2026-07-20T18:24:13.431259,8,No Augmentation,0,0.0,0.6572385766676578,0.0,0.0,0.0,"[0.7056666666666667, 0.0, 0.010606249810795266, 0.05, 0.08333333333333333, 0.7990460215231565, 0.31825429250385423, 0.07013421477475074]",0.9
2026-07-20T18:24:35.860326,9,No Augmentation,0,0.0,0.6889569814948329,0.0,0.0,0.0,"[0.4870000000000001, 0.0, 0.007929282093351002, 0.025, 0.05, 0.8494214180655708, 0.28004552320888776, 0.06519929799196479]",0.85
2026-07-20T18:24:58.723726,10,No Augmentation,0,0.0,0.75335935467083,0.0,0.0,0.0,"[0.5426666666666666, 0.0, 0.006408090131898972, 0.025, 0.08333333333333333, 0.8497281609272374, 0.3997738188355747, 0.06157095898448713]",0.9
2026-07-20T18:25:20.585777,11,No Augmentation,0,0.0,0.7322604219343629,0.0,0.0,0.0,"[0.44333333333333336, 0.0, 0.00867812581722576, 0.025, 0.03333333333333333, 0.8569026782547569, 0.3022514091610133, 0.062295460694799486]",0.85
2026-07-20T18:25:36.121657,12,No Augmentation,0,0.0,0.7668527416913836,0.0,0.0,0.0,"[0.5221666666666667, 0.0, 0.021364610011868575, 0.075, 0.05, 0.8568221868347938, 0.39313844380008045, 0.056895418181867406]",0.9
2026-07-20T18:25:56.860832,13,No Augmentation,0,0.0,0.7230907937706069,0.0,0.0,0.0,"[0.4893333333333335, 0.0, 0.0560263992176678, 0.1, 0.016666666666666666, 0.843912414636133, 0.3329815791870956, 0.06836180342153916]",0.9
2026-07-20T18:26:12.316406,14,No Augmentation,0,0.0,0.7168236895484146,0.0,0.0,0.0,"[0.5155000000000001, 0.0, 0.023340637135238734, 0.075, 0.016666666666666666, 0.8083650501996964, 0.34379238295769854, 0.10253695556424021]",0.85
2026-07-20T18:26:28.346005,15,No Augmentation,0,0.0,0.6853394369117867,0.0,0.0,0.0,"[0.5788333333333333, 0.0, 0.025538441581726905, 0.0, 0.05, 0.8222244033540068, 0.2993683679846065, 0.08419558527920794]",0.85
