run_id,seed,baseline,chunk,fitness,expected_utility
4,42,Proposed Hybrid GA-GWO,0,0.0,0.0
4,42,Proposed Hybrid GA-GWO,1,0.0,0.0
4,42,Proposed Hybrid GA-GWO,2,0.0,0.0
4,42,Proposed Hybrid GA-GWO,3,0.0,0.0
4,42,Proposed Hybrid GA-GWO,4,0.0,0.0
4,42,Proposed Hybrid GA-GWO,5,0.0,0.0
4,42,Proposed Hybrid GA-GWO,6,0.0,0.0
4,42,Proposed Hybrid GA-GWO,7,0.0,0.0
4,42,Proposed Hybrid GA-GWO,8,0.0,0.0
4,42,Proposed Hybrid GA-GWO,9,0.0,0.0
4,42,Proposed Hybrid GA-GWO,10,0.0,0.0
4,42,Proposed Hybrid GA-GWO,11,0.0,0.0
4,42,Proposed Hybrid GA-GWO,12,0.0,0.0
4,42,Proposed Hybrid GA-GWO,13,0.0,0.0
4,42,Proposed Hybrid GA-GWO,14,0.0,0.0
4,42,Proposed Hybrid GA-GWO,15,0.0,0.0
4,42,Proposed Hybrid GA-GWO,16,0.0,0.0
4,42,Proposed Hybrid GA-GWO,17,0.0,0.0
4,42,Proposed Hybrid GA-GWO,18,0.0,0.0
4,42,Proposed Hybrid GA-GWO,19,0.0,0.0
